Clubs (138),89,90,91,92,93,94,95,96,97,98,99,0,1,2,3,4,5,6,7,8,9,10,11,12,13,14,15,20,21,22,23,24,25,26,27,28,29,30,31,32,33,34,35,36,37,38,39,47,48,49,50,51,52,53,54,55,56,57,58,59,60,61,62,63,64,65,66,67,68,69,70,71,72,73,74,75,76,77,78,79,80,81,82,83,84,85,86,87,88,89,90,91,92,93,94,95,96,97,98,99,0,1,2,3,4,5,6,7,8,9,10,11,12,13,14,15,16,Clubs (138)
Preston North End,1. 1,1. 1,1. 2,1. 2,1. 2,1. 14,1. 4,1. 9,1. 4,1. 12,1. 15,1. 16,1. 17,2. 3,2. 7,2. 1,1. 8,1. 2,1. 14,1. 12,1. 10,1. 12,1. 14,1. 19,2. 1,1. 19,2. 2,1. 19,1. 16,1. 16,1. 16,1. 18,1. 21,2. 12,2. 6,2. 4,2. 13,2. 16,2. 7,2. 13,2. 9,2. 2,1. 11,1. 7,1. 14,1. 3,1. 9,1. 7,1. 7,1. 21,2. 6,2. 1,1. 7,1. 2,1. 11,1. 14,1. 19,1. 3,1. 2,1. 12,1. 9,1. 22,2. 10,2. 17,2. 3,2. 12,2. 17,2. 13,2. 20,2. 14,2. 22,3. 1,2. 18,2. 19,2. 21,3. 9,3. 8,3. 6,3. 3,2. 7,2. 10,2. 20,3. 14,3. 16,3. 16,3. 23,4. 23,4. 2,3. 16,3. 6,3. 19,3. 17,3. 17,3. 21,4. 5,4. 5,4. 1,3. 15,3. 15,3. 5,3. 1,2. 4,2. 8,2. 12,2. 15,2. 5,2. 4,2. 7,2. 15,2. 6,2. 17,2. 22,3. 15,3. 14,3. 5,3. 3,4. CH,Preston North End
Aston Villa,1. 2,1. 8,1. 9,1. 4,1. 4,1. 1,1. 3,1. 1,1. 1,1. 6,1. 1,1. 1,1. 15,1. 8,1. 2,1. 5,1. 4,1. 8,1. 5,1. 2,1. 7,1. 1,1. 2,1. 6,1. 2,1. 2,1. 14,1. 9,1. 10,1. 5,1. 6,1. 6,1. 15,1. 6,1. 10,1. 8,1. 3,1. 4,1. 2,1. 5,1. 2,1. 13,1. 13,1. 21,2. 9,2. 1,1. 12,1. 8,1. 6,1. 10,1. 12,1. 15,1. 6,1. 11,1. 13,1. 6,1. 20,1. 10,1. 14,1. 21,2. 1,1. 9,1. 7,1. 15,1. 19,1. 16,1. 16,1. 21,2. 10,2. 18,2. 21,3. 4,3. 1,2. 3,2. 14,2. 2,1. 16,1. 4,1. 8,1. 8,1. 7,1. 1,1. 11,1. 6,1. 10,1. 10,1. 16,1. 22,2. 2,1. 17,1. 2,1. 17,1. 7,1. 2,1. 10,1. 18,1. 4,1. 5,1. 7,1. 6,1. 6,1. 8,1. 8,1. 16,1. 6,1. 10,1. 16,1. 11,1. 6,1. 6,1. 6,1. 9,1. 16,1. 15,1. 15,1. 17,4. PL,Aston Villa
Wolverhampton Wanderers,1. 3,1. 4,1. 4,1. 6,1. 11,1. 9,1. 11,1. 14,1. 10,1. 3,1. 8,1. 4,1. 13,1. 14,1. 11,1. 8,1. 14,1. 20,2. 6,2. 9,2. 7,2. 8,2. 9,2. 5,2. 10,2. 9,2. 4,2. 19,2. 15,2. 17,2. 22,3. 1,2. 6,2. 4,2. 15,2. 16,2. 17,2. 9,2. 4,2. 1,1. 20,1. 15,1. 17,1. 15,1. 5,1. 2,1. 2,1. 3,1. 5,1. 6,1. 2,1. 14,1. 16,1. 3,1. 1,1. 2,1. 3,1. 6,1. 1,1. 1,1. 2,1. 3,1. 18,1. 5,1. 16,1. 21,2. 6,2. 2,1. 17,1. 16,1. 13,1. 4,1. 9,1. 5,1. 12,1. 12,1. 20,2. 1,1. 15,1. 18,1. 6,1. 18,1. 21,2. 2,1. 22,2. 22,3. 23,4. 4,4. 1,3. 1,2. 10,2. 12,2. 11,2. 11,2. 8,2. 4,2. 20,2. 3,2. 9,2. 7,2. 7,2. 12,2. 3,2. 5,1. 20,2. 9,2. 7,2. 5,2. 7,2. 1,1. 15,1. 17,1. 20,2. 23,3. 1,2. 7,4. CH,Wolverhampton Wanderers
Blackburn Rovers,1. 4,1. 3,1. 6,1. 9,1. 9,1. 4,1. 5,1. 8,1. 14,1. 15,1. 6,1. 14,1. 9,1. 4,1. 16,1. 15,1. 13,1. 9,1. 12,1. 14,1. 4,1. 3,1. 12,1. 1,1. 5,1. 1,1. 3,1. 20,1. 11,1. 15,1. 14,1. 8,1. 16,1. 12,1. 18,1. 12,1. 7,1. 6,1. 10,1. 16,1. 15,1. 8,1. 15,1. 22,2. 12,2. 16,2. 1,1. 17,1. 21,2. 14,2. 16,2. 6,2. 14,2. 9,2. 3,2. 6,2. 4,2. 4,2. 2,1. 10,1. 17,1. 8,1. 16,1. 11,1. 7,1. 10,1. 22,2. 4,2. 8,2. 19,2. 8,2. 21,3. 10,3. 3,3. 13,3. 1,2. 15,2. 12,2. 5,2. 22,3. 2,2. 4,2. 10,2. 11,2. 6,2. 5,2. 19,2. 12,2. 5,2. 5,2. 5,2. 19,2. 6,1. 4,1. 2,1. 1,1. 7,1. 13,1. 6,1. 19,2. 11,2. 2,1. 10,1. 6,1. 15,1. 15,1. 6,1. 10,1. 7,1. 15,1. 10,1. 15,1. 19,2. 17,2. 8,2. 9,4. CH,Blackburn Rovers
Bolton Wanderers,1. 5,1. 9,1. 5,1. 3,1. 5,1. 13,1. 10,1. 4,1. 8,1. 11,1. 17,2. 2,1. 10,1. 12,1. 18,2. 7,2. 2,1. 6,1. 6,1. 19,2. 1,1. 20,2. 2,1. 4,1. 8,1. 6,1. 17,1. 6,1. 3,1. 6,1. 13,1. 4,1. 3,1. 8,1. 4,1. 7,1. 14,1. 15,1. 14,1. 17,1. 21,2. 3,2. 2,1. 13,1. 20,1. 7,1. 8,1. 18,1. 17,1. 14,1. 16,1. 8,1. 5,1. 14,1. 5,1. 18,1. 8,1. 9,1. 15,1. 4,1. 6,1. 18,1. 11,1. 18,1. 21,2. 3,2. 9,2. 9,2. 12,2. 17,2. 16,2. 22,3. 7,3. 1,2. 11,2. 10,2. 4,2. 4,2. 1,1. 17,1. 22,2. 18,2. 19,2. 22,3. 10,3. 17,3. 18,3. 21,4. 3,3. 10,3. 6,3. 4,3. 13,3. 2,2. 14,2. 3,1. 20,2. 1,1. 18,2. 6,2. 6,2. 3,1. 16,1. 17,1. 8,1. 6,1. 8,1. 7,1. 16,1. 13,1. 14,1. 14,1. 18,2. 7,2. 14,2. 18,4. CH,Bolton Wanderers
West Bromwich Albion,1. 6,1. 5,1. 12,1. 12,1. 8,1. 8,1. 13,1. 16,1. 12,1. 7,1. 14,1. 13,1. 18,2. 1,1. 7,1. 18,2. 10,2. 4,2. 4,2. 5,2. 3,2. 11,2. 1,1. 9,1. 10,1. 5,1. 10,1. 1,1. 14,1. 13,1. 7,1. 16,1. 2,1. 13,1. 22,2. 8,2. 7,2. 6,2. 2,1. 6,1. 4,1. 7,1. 9,1. 18,1. 16,1. 22,2. 10,2. 7,2. 7,2. 2,1. 14,1. 16,1. 13,1. 4,1. 2,1. 17,1. 13,1. 11,1. 4,1. 5,1. 4,1. 10,1. 9,1. 14,1. 10,1. 14,1. 6,1. 13,1. 8,1. 10,1. 16,1. 17,1. 16,1. 22,2. 8,2. 6,2. 3,1. 7,1. 6,1. 3,1. 10,1. 4,1. 17,1. 11,1. 17,1. 12,1. 22,2. 15,2. 20,2. 9,2. 20,2. 23,3. 7,3. 4,2. 21,2. 19,2. 11,2. 16,2. 10,2. 12,2. 21,2. 6,2. 2,1. 19,2. 2,1. 17,1. 19,2. 4,2. 1,1. 20,2. 2,1. 11,1. 10,1. 8,1. 17,1. 13,4. PL,West Bromwich Albion
Accrington,1. 7,1. 6,1. 10,1. 11,1. 15,,,,,,,,,,,,,,,,,,,,,,,,,,,,,,,,,,,,,,,,,,,,,,,,,,,,,,,,,,,,,,,,,,,,,,,,,,,,,,,,,,,,,,,,,,,,,,,,,,,,,,,,,,,,,,,,,Accrington
Everton,1. 8,1. 2,1. 1,1. 5,1. 3,1. 6,1. 2,1. 3,1. 7,1. 4,1. 4,1. 11,1. 7,1. 2,1. 12,1. 3,1. 2,1. 11,1. 3,1. 11,1. 2,1. 10,1. 4,1. 2,1. 11,1. 15,1. 1,1. 16,1. 7,1. 20,1. 5,1. 7,1. 17,1. 11,1. 20,1. 1,1. 18,1. 22,2. 1,1. 1,1. 11,1. 14,1. 8,1. 16,1. 17,1. 14,1. 1,1. 10,1. 14,1. 18,1. 18,1. 22,2. 7,2. 16,2. 2,1. 11,1. 15,1. 15,1. 16,1. 16,1. 15,1. 5,1. 4,1. 1,1. 3,1. 4,1. 11,1. 6,1. 5,1. 3,1. 1,1. 14,1. 15,1. 17,1. 7,1. 4,1. 11,1. 9,1. 3,1. 4,1. 19,1. 15,1. 8,1. 7,1. 7,1. 1,1. 2,1. 1,1. 4,1. 8,1. 6,1. 9,1. 12,1. 13,1. 17,1. 15,1. 6,1. 15,1. 17,1. 14,1. 13,1. 16,1. 15,1. 7,1. 17,1. 4,1. 11,1. 6,1. 5,1. 5,1. 8,1. 7,1. 7,1. 6,1. 5,1. 11,4. PL,Everton
Burnley,1. 9,1. 11,1. 8,1. 7,1. 6,1. 5,1. 9,1. 10,1. 16,2. 1,1. 3,1. 17,2. 3,2. 9,2. 18,2. 5,2. 11,2. 9,2. 7,2. 7,2. 14,2. 14,2. 8,2. 3,2. 2,1. 12,1. 4,1. 2,1. 1,1. 3,1. 15,1. 17,1. 19,1. 20,1. 5,1. 19,1. 19,1. 21,2. 8,2. 19,2. 19,2. 13,2. 12,2. 15,2. 13,2. 6,2. 14,2. 2,1. 3,1. 15,1. 10,1. 10,1. 14,1. 6,1. 7,1. 10,1. 7,1. 7,1. 6,1. 7,1. 1,1. 4,1. 2,1. 3,1. 9,1. 12,1. 3,1. 14,1. 14,1. 14,1. 14,1. 21,2. 7,2. 1,1. 6,1. 10,1. 21,2. 16,2. 11,2. 13,2. 21,3. 8,3. 1,2. 21,3. 12,3. 21,4. 14,4. 22,4. 10,4. 16,4. 16,4. 6,4. 1,3. 13,3. 6,2. 22,3. 17,3. 9,3. 20,3. 15,3. 2,2. 7,2. 7,2. 16,2. 19,2. 13,2. 17,2. 15,2. 13,2. 5,1. 18,2. 8,2. 13,2. 11,2. 2,1. 19,4. CH,Burnley
Derby County,1. 10,1. 7,1. 11,1. 10,1. 13,1. 3,1. 15,1. 2,1. 3,1. 10,1. 9,1. 6,1. 12,1. 6,1. 9,1. 14,1. 11,1. 15,1. 19,2. 6,2. 5,2. 4,2. 6,2. 1,1. 7,1. 20,2. 1,1. 18,1. 21,2. 12,2. 14,2. 3,2. 3,2. 2,1. 12,1. 4,1. 6,1. 2,1. 6,1. 15,1. 7,1. 4,1. 6,1. 2,1. 4,1. 13,1. 6,1. 14,1. 4,1. 3,1. 11,1. 11,1. 17,1. 22,2. 18,2. 22,3. 2,3. 1,2. 16,2. 7,2. 18,2. 12,2. 16,2. 18,2. 13,2. 9,2. 8,2. 17,2. 18,2. 1,1. 4,1. 9,1. 1,1. 7,1. 3,1. 1,1. 4,1. 15,1. 12,1. 19,1. 21,2. 6,2. 16,2. 13,2. 20,3. 7,3. 3,2. 1,1. 15,1. 5,1. 16,1. 20,2. 3,2. 8,2. 6,2. 9,2. 2,1. 12,1. 9,1. 8,1. 16,1. 17,1. 19,2. 18,2. 20,2. 4,2. 20,2. 3,1. 20,2. 18,2. 14,2. 19,2. 12,2. 10,2. 3,2. 8,4. CH,Derby County
Notts County,1. 11,1. 10,1. 3,1. 8,1. 14,2. 3,2. 2,2. 10,2. 1,1. 13,1. 5,1. 15,1. 3,1. 13,1. 15,1. 13,1. 18,1. 16,1. 18,1. 18,1. 15,1. 9,1. 11,1. 16,1. 19,2. 1,1. 16,1. 21,2. 6,2. 13,2. 1,1. 10,1. 9,1. 22,2. 16,2. 15,2. 5,2. 22,3. 1,2. 16,2. 15,2. 18,2. 22,3. 9,3. 2,3. 11,3. 11,3. 12,3. 6,3. 11,3. 1,2. 17,2. 15,2. 19,2. 14,2. 7,2. 20,2. 20,2. 21,3. 23,4. 2,3. 5,3. 13,3. 7,3. 24,4. 13,4. 8,4. 20,4. 17,4. 19,4. 7,4. 1,3. 4,3. 2,2. 10,2. 14,2. 5,2. 8,2. 15,2. 6,2. 17,2. 2,1. 15,1. 15,1. 21,2. 20,3. 8,3. 7,3. 4,3. 9,3. 3,2. 4,1. 21,2. 17,2. 7,2. 24,3. 4,3. 24,4. 1,3. 16,3. 8,3. 8,3. 19,3. 15,3. 23,4. 19,4. 21,4. 13,4. 21,4. 19,4. 1,3. 19,3. 7,3. 12,3. 20,3. 21,4. L2,Notts County
Stoke,1. 12,1. 12,,1. 13,1. 7,1. 11,1. 14,1. 6,1. 13,1. 16,1. 12,1. 9,1. 16,1. 16,1. 6,1. 16,1. 12,1. 10,1. 20,2. 10,,,,(Stoke City),,,,2. 10,2. 20,2. 2,1. 21,2. 6,2. 20,2. 21,3. 1,2. 5,2. 6,2. 11,2. 11,2. 3,2. 1,1. 12,1. 10,1. 4,1. 10,1. 17,1. 7,1. 4,1. 15,1. 11,1. 19,1. 13,1. 20,1. 21,2. 11,2. 5,2. 13,2. 5,2. 11,2. 5,2. 17,2. 18,2. 8,2. 1,1. 17,1. 11,1. 10,1. 12,1. 18,1. 19,1. 9,1. 13,1. 17,1. 15,1. 5,1. 5,1. 12,1. 21,2. 7,2. 3,1. 18,1. 11,1. 18,1. 13,1. 18,1. 22,2. 10,2. 8,2. 11,2. 13,2. 24,3. 14,3. 4,3. 1,2. 10,2. 11,2. 4,2. 12,2. 23,3. 8,3. 6,3. 5,3. 5,2. 21,2. 11,2. 12,2. 13,2. 8,2. 2,1. 12,1. 11,1. 13,1. 14,1. 13,1. 9,1. 9,4. PL,Stoke City
Sunderland,,,1. 7,1. 1,1. 1,1. 2,1. 1,1. 5,1. 15,1. 2,1. 7,1. 3,1. 2,1. 1,1. 3,1. 6,1. 5,1. 14,1. 10,1. 16,1. 3,1. 8,1. 3,1. 8,1. 1,1. 7,1. 8,1. 5,1. 12,1. 12,1. 2,1. 3,1. 7,1. 3,1. 3,1. 15,1. 4,1. 9,1. 11,1. 13,1. 12,1. 6,1. 2,1. 1,1. 8,1. 8,1. 16,1. 9,1. 20,1. 8,1. 3,1. 12,1. 12,1. 9,1. 18,1. 4,1. 9,1. 20,1. 21,2. 15,2. 16,2. 6,2. 3,2. 3,2. 2,1. 15,1. 19,1. 17,1. 15,1. 17,1. 21,2. 13,2. 5,2. 6,2. 6,2. 4,2. 1,1. 20,2. 6,2. 4,2. 2,1. 17,1. 19,1. 16,1. 13,1. 21,2. 18,2. 20,3. 1,2. 11,2. 6,1. 19,2. 18,2. 21,2. 12,2. 20,2. 1,1. 18,2. 3,2. 1,1. 7,1. 7,1. 17,1. 20,2. 3,2. 1,1. 20,2. 1,1. 15,1. 16,1. 13,1. 10,1. 13,1. 17,1. 14,1. 16,4. PL,Sunderland
Darwen,,,,1. 14,2. 3,1. 15,2. 6,2. 9,2. 11,2. 15,2. 18,,,,,,,,,,,,,,,,,,,,,,,,,,,,,,,,,,,,,,,,,,,,,,,,,,,,,,,,,,,,,,,,,,,,,,,,,,,,,,,,,,,,,,,,,,,,,,,,,,,,,,,,,,,Darwen
Nottingham Forest,,,,,1. 10,1. 7,1. 7,1. 13,1. 11,1. 8,1. 11,1. 8,1. 4,1. 5,1. 10,1. 9,1. 16,1. 19,2. 1,1. 9,1. 14,1. 14,1. 20,2. 15,2. 17,2. 20,2. 18,2. 18,2. 18,2. 1,1. 20,1. 20,1. 22,2. 17,2. 5,2. 10,2. 11,2. 10,2. 17,2. 11,2. 5,2. 17,2. 9,2. 19,2. 18,2. 20,2. 20,2. 11,2. 19,2. 21,3. 4,3. 1,2. 4,2. 7,2. 4,2. 15,2. 7,2. 2,1. 10,1. 13,1. 20,1. 14,1. 19,1. 9,1. 13,1. 5,1. 18,1. 2,1. 11,1. 18,1. 15,1. 16,1. 21,2. 14,2. 7,2. 16,2. 8,2. 3,1. 1,1. 2,1. 5,1. 7,1. 12,1. 5,1. 3,1. 9,1. 8,1. 8,1. 3,1. 3,1. 9,1. 8,1. 8,1. 22,2. 2,1. 3,1. 9,1. 20,2. 1,1. 20,2. 14,2. 11,2. 16,2. 6,2. 14,2. 23,3. 7,3. 4,3. 2,2. 19,2. 3,2. 6,2. 19,2. 8,2. 11,2. 14,4. CH,Nottingham Forest
The Wednesday (1930 Sheffield Wednesday),,,,,1. 12,1. 12,1. 8,1. 7,1. 6,1. 5,1. 18,2. 1,1. 8,1. 9,1. 1,1. 1,1. 9,1. 3,1. 13,1. 5,1. 5,1. 11,1. 6,1. 5,1. 3,1. 18,1. 7,1. 22,2. 10,2. 10,2. 8,2. 8,2. 14,2. 1,1. 16,1. 14,1. 1,1. 1,1. 3,1. 3,1. 3,1. 11,1. 3,1. 20,1. 22,2. 17,2. 3,2. 20,2. 4,2. 8,2. 2,1. 21,2. 1,1. 18,1. 19,1. 22,2. 1,1. 14,1. 22,2. 1,1. 5,1. 2,1. 6,1. 6,1. 6,1. 8,1. 17,1. 11,1. 19,1. 15,1. 22,2. 15,2. 14,2. 10,2. 19,2. 22,3. 20,3. 8,3. 14,3. 14,3. 3,2. 10,2. 4,2. 6,2. 2,1. 8,1. 5,1. 13,1. 11,1. 16,1. 18,2. 3,1. 3,1. 7,1. 7,1. 13,1. 15,1. 7,1. 16,1. 12,1. 19,2. 17,2. 20,2. 22,3. 16,3. 5,2. 19,2. 9,2. 16,2. 12,2. 22,3. 15,3. 2,2. 18,2. 16,2. 13,4. CH,Sheffield Wednesday
Newton Heath (1903 Manchester United),,,,,1. 16,1. 16,2. 3,2. 6,2. 2,2. 4,2. 4,2. 4,2. 10,2. 15,2. 5,2. 3,2. 3,2. 2,1. 8,1. 1,1. 13,1. 5,1. 1,1. 13,1. 4,1. 14,1. 18,1. 12,1. 13,1. 22,2. 4,2. 14,2. 2,1. 9,1. 15,1. 18,1. 12,1. 17,1. 22,2. 12,2. 6,2. 20,2. 5,2. 1,1. 21,2. 2,1. 14,1. 2,1. 2,1. 2,1. 4,1. 2,1. 1,1. 8,1. 4,1. 5,1. 1,1. 1,1. 9,1. 2,1. 7,1. 7,1. 15,1. 19,1. 2,1. 1,1. 4,1. 1,1. 2,1. 11,1. 8,1. 8,1. 8,1. 18,1. 21,2. 1,1. 3,1. 6,1. 10,1. 9,1. 2,1. 8,1. 3,1. 3,1. 4,1. 4,1. 4,1. 11,1. 2,1. 11,1. 13,1. 6,1. 2,1. 1,1. 1,1. 2,1. 1,1. 1,1. 2,1. 1,1. 1,1. 1,1. 3,1. 1,1. 3,1. 3,1. 2,1. 1,1. 1,1. 1,1. 2,1. 1,1. 2,1. 1,1. 7,1. 4,4. PL,Manchester United
Small Heath (1906 Birmingham),,,,,2. 1,2. 2,1. 12,1. 15,2. 4,2. 6,2. 8,2. 3,2. 2,1. 17,2. 2,1. 11,1. 7,1. 7,1. 9,1. 20,2. 11,2. 20,2. 16,2. 12,2. 3,2. 14,2. 6,2. 3,2. 1,1. 18,1. 17,1. 14,1. 8,1. 14,1. 17,1. 11,1. 15,1. 11,1. 19,1. 9,1. 13,1. 20,1. 19,1. 12,1. 11,1. 18,1. 21,2. 3,2. 1,1. 17,1. 22,2. 4,2. 3,2. 6,2. 7,2. 1,1. 6,1. 12,1. 13,1. 9,1. 19,1. 19,1. 17,1. 20,1. 20,1. 22,2. 10,2. 10,2. 4,2. 7,2. 18,2. 9,2. 2,1. 10,1. 19,1. 17,1. 19,1. 13,1. 11,1. 21,2. 3,1. 13,1. 16,1. 17,1. 20,2. 2,1. 21,2. 19,2. 19,2. 23,3. 7,3. 12,3. 2,2. 19,2. 22,3. 1,2. 15,2. 10,2. 7,2. 4,2. 5,2. 5,2. 5,1. 13,1. 10,1. 12,1. 18,2. 2,1. 19,2. 2,1. 9,1. 18,2. 4,2. 12,2. 21,2. 10,4. CH,Birmingham City
Sheffield United,,,,,2. 2,1. 10,1. 6,1. 12,1. 2,1. 1,1. 16,1. 2,1. 14,1. 10,1. 4,1. 7,1. 6,1. 13,1. 4,1. 17,1. 12,1. 6,1. 9,1. 14,1. 15,1. 10,1. 6,1. 14,1. 20,1. 11,1. 10,1. 5,1. 14,1. 5,1. 8,1. 13,1. 11,1. 20,1. 15,1. 7,1. 10,1. 22,2. 11,2. 3,2. 7,2. 3,2. 2,1. 6,1. 12,1. 22,2. 3,2. 8,2. 11,2. 1,1. 20,1. 13,1. 22,2. 7,2. 6,2. 3,2. 4,2. 2,1. 5,1. 10,1. 12,1. 19,1. 9,1. 10,1. 21,2. 9,2. 6,2. 2,1. 10,1. 14,1. 13,1. 6,1. 22,2. 11,2. 12,2. 20,3. 12,3. 21,4. 1,3. 11,3. 3,2. 18,2. 7,2. 9,2. 21,3. 2,2. 2,1. 13,1. 9,1. 14,1. 20,2. 8,2. 9,2. 5,2. 6,2. 8,2. 16,2. 10,2. 13,2. 3,2. 8,2. 8,2. 2,1. 18,2. 9,2. 3,2. 8,2. 23,3. 3,3. 5,3. 7,3. 5,4. L1,Sheffield United
Grimsby,,,,,2. 4,2. 5,2. 5,2. 3,2. 3,2. 12,2. 10,2. 6,2. 1,1. 15,1. 17,2. 6,2. 13,2. 8,2. 11,2. 18,2. 13,2. 19,,2. 9,2. 7,2. 15,2. 17,2. 22,3. 13,3. 3,3. 14,3. 11,3. 12,3. 1,2. 17,2. 11,2. 2,1. 18,1. 13,1. 21,2. 13,2. 1,1. 5,1. 17,1. 12,1. 20,1. 10,1. 16,1. 22,2. 11,2. 11,2. 22,3. 2,3. 5,3. 17,3. 23,3. 1,2. 16,2. 13,2. 21,3. 4,3. 6,3. 2,2. 19,2. 21,3. 10,3. 11,3. 17,3. 21,4. 23,4. 16,4. 19,4. 1,3. 9,3. 6,3. 16,3. 18,3. 23,4. 6,4. 2,3. 1,2. 7,2. 17,2. 19,2. 5,2. 10,2. 15,2. 21,3. 22,4. 9,4. 2,3. 3,2. 19,2. 9,2. 16,2. 10,2. 17,2. 22,3. 3,2. 11,2. 20,2. 18,2. 19,2. 24,3. 21,4. 18,4. 4,4. 15,4. 16,4. 22,4. 23,,,,,,,Grimsby
Ardwick (1895 Manchester City),,,,,2. 5,2. 13,2. 9,2. 2,2. 6,2. 3,2. 1,1. 7,1. 11,1. 18,2. 1,1. 2,1. 3,1. 5,1. 17,1. 3,1. 19,2. 1,1. 17,1. 15,1. 6,1. 13,1. 5,1. 7,1. 2,1. 10,1. 8,1. 11,1. 10,1. 21,2. 3,2. 1,1. 8,1. 3,1. 8,1. 14,1. 16,1. 5,1. 4,1. 9,1. 1,1. 21,2. 5,2. 1,1. 10,1. 7,1. 21,2. 2,1. 15,1. 20,1. 17,1. 7,1. 4,1. 18,1. 5,1. 20,1. 16,1. 13,1. 12,1. 21,2. 6,2. 11,2. 1,1. 15,1. 1,1. 13,1. 10,1. 11,1. 4,1. 11,1. 14,1. 8,1. 8,1. 2,1. 4,1. 15,1. 17,1. 12,1. 10,1. 20,2. 4,2. 3,1. 15,1. 21,2. 9,2. 2,1. 14,1. 5,1. 5,1. 9,1. 16,1. 17,1. 18,2. 14,2. 22,3. 3,2. 2,1. 18,2. 1,1. 9,1. 16,1. 8,1. 15,1. 14,1. 9,1. 10,1. 5,1. 3,1. 1,1. 2,1. 1,1. 2,4. PL,Manchester City
Burton Swifts (1902 Burton United),,,,,2. 6,2. 6,2. 11,2. 11,2. 14,2. 13,2. 13,2. 15,2. 18,2. 10,2. 13,2. 14,2. 17,2. 19,2. 20,,,,,,,,,,,,,,,,,,,,,,,,,,,,,,,,,,,,,,,,,,,,,,,,,,,,,,,,,,,,,,,,,,,,,,,,,,,,,,,,,,,,,,,,,,,,,,,,,,,Burton United
Northwich Victoria,,,,,2. 7,2. 15,,,,,,,,,,,,,,,,,,,,,,,,,,,,,,,,,,,,,,,,,,,,,,,,,,,,,,,,,,,,,,,,,,,,,,,,,,,,,,,,,,,,,,,,,,,,,,,,,,,,,,,,,,,,,,,,Northwich Victoria
Bootle,,,,,2. 8,,,,,,,,,,,,,,,,,,,,,,,,,,,,,,,,,,,,,,,,,,,,,,,,,,,,,,,,,,,,,,,,,,,,,,,,,,,,,,,,,,,,,,,,,,,,,,,,,,,,,,,,,,,,,,,,,Bootle
Lincoln City,,,,,2. 9,2. 8,2. 13,2. 13,2. 16,2. 14,2. 12,2. 9,2. 8,2. 5,2. 10,2. 12,2. 9,2. 13,2. 19,2. 20,,2. 15,2. 20,,2. 8,2. 19,2. 16,2. 21,,3. 14,3. 13,3. 19,3. 8,3. 15,3. 11,3. 2,3. 6,3. 5,3. 2,3. 1,2. 18,2. 22,3. 4,3. 4,3. 2,3. 7,3. 17,3. 12,3. 1,2. 22,3. 4,3. 5,3. 1,2. 15,2. 16,2. 16,2. 8,2. 18,2. 20,2. 19,2. 13,2. 22,3. 22,4. 22,4. 11,4. 22,4. 22,4. 24,4. 13,4. 8,4. 8,4. 21,4. 5,4. 10,4. 12,4. 5,4. 1,3. 9,3. 16,3. 24,4. 7,4. 2,3. 4,3. 6,3. 14,3. 19,3. 21,4. 24,,4. 10,4. 10,4. 14,4. 10,4. 8,4. 18,4. 12,4. 18,4. 9,4. 3,3. 23,4. 15,4. 18,4. 22,4. 6,4. 7,4. 6,4. 7,4. 5,4. 15,4. 13,4. 20,4. 23,,,,,,Lincoln City
,Season,,,,92,93,94,95,96,97,98,99,0,1,2,3,4,5,6,7,8,9,10,11,12,13,14,19,20,21,22,23,24,25,26,27,28,29,30,31,32,33,34,35,36,37,38,46,47,48,49,50,51,52,53,54,55,56,57,58,59,60,61,62,63,64,65,66,67,68,69,70,71,72,73,74,75,76,77,78,79,80,81,82,83,84,85,86,87,88,89,90,91,92,93,94,95,96,97,98,99,0,1,2,3,4,5,6,7,8,9,10,11,12,13,14,15,Season
Clubs,,,,,93,94,95,96,97,98,99,0,1,2,3,4,5,6,7,8,9,10,11,12,13,14,15,20,21,22,23,24,25,26,27,28,29,30,31,32,33,34,35,36,37,38,39,47,48,49,50,51,52,53,54,55,56,57,58,59,60,61,62,63,64,65,66,67,68,69,70,71,72,73,74,75,76,77,78,79,80,81,82,83,84,85,86,87,88,89,90,91,92,93,94,95,96,97,98,99,0,1,2,3,4,5,6,7,8,9,10,11,12,13,14,15,16,Clubs
Crewe Alexandra,,,,,2. 10,2. 12,2. 16,2. 16,,,,,,,,,,,,,,,,,,,,,,3. 6,3. 6,3. 20,3. 15,3. 11,3. 15,3. 17,3. 9,3. 11,3. 18,3. 6,3. 10,3. 14,3. 13,3. 6,3. 20,3. 8,3. 8,3. 8,3. 10,3. 12,3. 7,3. 9,3. 16,3. 10,3. 16,3. 22,3. 24,3. 24,3. 24,4. 18,4. 14,4. 9,4. 10,4. 3,3. 22,4. 10,4. 14,4. 5,4. 4,3. 23,4. 15,4. 15,4. 24,4. 21,4. 21,4. 18,4. 16,4. 12,4. 15,4. 24,4. 23,4. 18,4. 24,4. 23,4. 16,4. 10,4. 12,4. 17,4. 17,4. 3,3. 12,3. 22,4. 6,4. 6,4. 3,3. 3,3. 5,3. 6,2. 11,2. 18,2. 19,2. 14,2. 22,3. 2,2. 18,2. 21,2. 22,3. 13,3. 20,3. 22,4. 18,4. 10,4. 7,3. 13,3. 19,3. 20,4. L1,Crewe Alexandra
Burslem Port Vale (1920 Port Vale),,,,,2. 11,2. 7,2. 15,2. 14,,,2. 9,2. 11,2. 9,2. 12,2. 9,2. 13,2. 16,2. 17,2. 16,,,,,,,,,2. 13,2. 17,2. 18,2. 17,2. 16,2. 8,2. 8,2. 8,2. 9,2. 21,3. 1,2. 5,2. 20,2. 17,2. 8,2. 18,2. 21,3. 11,3. 15,3. 18,3. 10,3. 8,3. 13,3. 13,3. 12,3. 13,4. 2,3. 1,2. 17,2. 12,2. 22,3. 15,3. 1,3. 13,3. 7,3. 12,3. 3,3. 13,3. 22,4. 19,4. 13,4. 18,4. 13,4. 4,3. 17,3. 15,3. 6,3. 20,3. 6,3. 12,3. 19,3. 21,4. 16,4. 20,4. 19,4. 7,4. 3,3. 23,4. 12,4. 4,3. 12,3. 11,3. 3,2. 11,2. 15,2. 24,3. 3,3. 2,2. 17,2. 12,2. 8,2. 19,2. 21,2. 23,3. 11,3. 14,3. 17,3. 7,3. 18,3. 13,3. 12,3. 23,4. 18,4. 10,4. 11,4. 12,4. 3,3. 9,3. 18,4. L1,Port Vale
Walsall Town Swifts (1897 W.T),,,,,2. 12,2. 10,2. 14,,2. 12,2. 10,2. 6,2. 12,2. 16,,,,,,,,,,,,,,,,,3. 8,3. 3,,3. 19,3. 21,3. 14,3. 18,3. 14,3. 17,3. 17,3. 16,3. 5,3. 4,3. 14,3. 10,3. 17,3. 21,3. 21,3. 5,3. 3,3. 14,3. 19,3. 15,3. 24,3. 24,3. 24,3. 23,3. 20,3. 15,3. 20,4. 6,4. 1,3. 2,2. 14,2. 21,3. 19,3. 19,3. 9,3. 12,3. 7,3. 13,3. 12,3. 20,3. 9,3. 17,3. 15,3. 8,3. 7,3. 15,3. 6,3. 22,4. 2,3. 20,3. 20,3. 10,3. 6,3. 11,3. 6,3. 8,3. 3,2. 24,3. 24,4. 16,4. 15,4. 5,4. 10,4. 2,3. 11,3. 12,3. 19,3. 2,2. 22,3. 4,2. 18,2. 17,2. 22,3. 14,3. 24,4. 1,3. 12,3. 13,3. 10,3. 20,3. 19,3. 9,3. 13,3. 14,4. L1,Walsall Town
Liverpool,,,,,,2. 1,1. 16,2. 1,1. 5,1. 9,1. 2,1. 10,1. 1,1. 11,1. 5,1. 17,2. 1,1. 1,1. 15,1. 8,1. 16,1. 2,1. 13,1. 17,1. 12,1. 16,1. 13,1. 4,1. 4,1. 1,1. 1,1. 12,1. 4,1. 7,1. 9,1. 16,1. 5,1. 12,1. 9,1. 10,1. 14,1. 18,1. 7,1. 19,1. 18,1. 11,1. 11,1. 1,1. 11,1. 12,1. 8,1. 9,1. 11,1. 17,1. 22,2. 11,2. 3,2. 3,2. 4,2. 4,2. 3,2. 3,2. 1,1. 8,1. 1,1. 7,1. 1,1. 5,1. 3,1. 2,1. 5,1. 5,1. 3,1. 1,1. 2,1. 2,1. 1,1. 1,1. 2,1. 1,1. 1,1. 5,1. 1,1. 1,1. 1,1. 2,1. 1,1. 2,1. 1,1. 2,1. 1,1. 2,1. 6,1. 6,1. 8,1. 4,1. 3,1. 4,1. 3,1. 7,1. 4,1. 3,1. 2,1. 5,1. 4,1. 5,1. 3,1. 3,1. 4,1. 2,1. 7,1. 6,1. 8,1. 7,1. 2,1. 6,4. PL,Liverpool
Newcastle United,,,,,,2. 4,2. 10,2. 5,2. 5,2. 2,1. 13,1. 5,1. 6,1. 3,1. 14,1. 4,1. 1,1. 4,1. 1,1. 4,1. 1,1. 4,1. 8,1. 3,1. 14,1. 11,1. 15,1. 8,1. 5,1. 7,1. 4,1. 9,1. 6,1. 10,1. 1,1. 9,1. 10,1. 19,1. 17,1. 11,1. 5,1. 21,2. 6,2. 8,2. 4,2. 19,2. 9,2. 5,2. 2,1. 4,1. 5,1. 4,1. 8,1. 16,1. 15,1. 8,1. 11,1. 17,1. 19,1. 11,1. 8,1. 21,2. 11,2. 7,2. 8,2. 1,1. 15,1. 20,1. 10,1. 9,1. 7,1. 12,1. 11,1. 9,1. 15,1. 15,1. 15,1. 5,1. 21,2. 8,2. 9,2. 11,2. 9,2. 5,2. 3,1. 14,1. 11,1. 17,1. 8,1. 20,2. 3,2. 11,2. 20,2. 1,1. 3,1. 6,1. 2,1. 2,1. 13,1. 13,1. 11,1. 11,1. 4,1. 3,1. 5,1. 14,1. 7,1. 13,1. 12,1. 18,2. 1,1. 12,1. 5,1. 16,1. 10,1. 15,4. PL,Newcastle United
"Woolwich Arsenal (1914 The, 1928 Arsenal)",,,,,,2. 9,2. 8,2. 7,2. 10,2. 5,2. 7,2. 8,2. 7,2. 4,2. 3,2. 2,1. 10,1. 12,1. 7,1. 14,1. 6,1. 18,1. 10,1. 10,1. 20,2. 3,2. 5,1. 10,1. 9,1. 17,1. 11,1. 19,1. 20,1. 2,1. 11,1. 10,1. 9,1. 14,1. 1,1. 2,1. 1,1. 1,1. 1,1. 6,1. 3,1. 1,1. 5,1. 13,1. 1,1. 5,1. 6,1. 5,1. 3,1. 1,1. 12,1. 9,1. 5,1. 5,1. 12,1. 3,1. 13,1. 11,1. 10,1. 7,1. 8,1. 13,1. 14,1. 7,1. 9,1. 4,1. 12,1. 1,1. 5,1. 2,1. 10,1. 16,1. 17,1. 8,1. 5,1. 7,1. 4,1. 3,1. 5,1. 10,1. 6,1. 7,1. 7,1. 4,1. 6,1. 1,1. 4,1. 1,1. 4,1. 10,1. 4,1. 12,1. 5,1. 3,1. 1,1. 2,1. 2,1. 2,1. 1,1. 2,1. 1,1. 2,1. 4,1. 4,1. 3,1. 4,1. 3,1. 4,1. 3,1. 4,1. 4,1. 3,4. PL,Arsenal
Middlesbrough Ironopolis,,,,,,2. 11,,,,,,,,,,,,,,,,,,,,,,,,,,,,,,,,,,,,,,,,,,,,,,,,,,,,,,,,,,,,,,,,,,,,,,,,,,,,,,,,,,,,,,,,,,,,,,,,,,,,,,,,,,,,,,,,Middlesbrough Ironopolis
Rotherham Town (1926 Rotherham United),,,,,,2. 14,2. 12,2. 15,,,,,,,,,,,,,,,,,,,,,,,,,,3. 14,3. 19,3. 14,3. 16,3. 20,3. 14,3. 19,3. 17,3. 21,3. 9,3. 11,3. 17,3. 6,3. 11,3. 2,3. 2,3. 2,3. 6,3. 1,2. 9,2. 12,2. 5,2. 3,2. 19,2. 17,2. 18,2. 20,2. 8,2. 15,2. 9,2. 14,2. 7,2. 14,2. 7,2. 18,2. 21,3. 11,3. 14,3. 8,3. 5,3. 21,4. 15,4. 3,3. 16,3. 4,3. 20,3. 17,3. 13,3. 1,2. 7,2. 20,3. 18,3. 12,3. 14,3. 14,3. 21,4. 1,3. 9,3. 23,4. 2,3. 11,3. 15,3. 17,3. 16,3. 23,4. 9,4. 5,4. 2,3. 2,2. 21,2. 15,2. 17,2. 24,3. 20,3. 23,4. 9,4. 14,4. 5,4. 9,4. 10,4. 2,3. 4,2. 21,4. CH,Rotherham United
Bury,,,,,,,2. 1,1. 11,1. 9,1. 14,1. 10,1. 12,1. 5,1. 7,1. 8,1. 12,1. 17,1. 17,1. 16,1. 7,1. 17,1. 13,1. 18,1. 20,2. 11,2. 10,2. 11,2. 5,2. 11,2. 11,2. 6,2. 2,1. 5,1. 4,1. 19,1. 5,1. 21,2. 5,2. 13,2. 5,2. 4,2. 12,2. 10,2. 14,2. 3,2. 10,2. 16,2. 17,2. 20,2. 12,2. 18,2. 20,2. 17,2. 20,2. 17,2. 13,2. 15,2. 21,4. 4,3. 10,3. 7,3. 1,2. 18,2. 8,2. 18,2. 16,2. 19,2. 22,3. 2,2. 21,3. 19,3. 22,4. 9,4. 12,4. 4,3. 14,3. 13,3. 7,3. 15,3. 19,3. 21,4. 12,4. 9,4. 5,4. 15,4. 4,3. 20,3. 16,3. 14,3. 13,3. 5,3. 7,3. 21,4. 7,4. 13,4. 4,4. 3,3. 1,2. 17,2. 22,3. 15,3. 16,3. 22,4. 7,4. 12,4. 17,4. 19,4. 21,4. 13,4. 4,4. 9,4. 2,3. 14,3. 22,4. 12,4. 3,4. L1,Bury
Leicester Fosse (1920 Leicester City),,,,,,,2. 4,2. 8,2. 9,2. 7,2. 3,2. 5,2. 11,2. 14,2. 15,2. 18,2. 14,2. 7,2. 3,2. 2,1. 20,1. 5,2. 15,2. 10,2. 15,2. 18,2. 19,2. 14,2. 12,2. 9,2. 3,2. 12,2. 1,1. 17,1. 7,1. 3,1. 2,1. 8,1. 16,1. 19,1. 19,1. 17,1. 21,2. 6,2. 1,1. 16,1. 22,2. 9,2. 9,2. 19,2. 15,2. 14,2. 5,2. 5,2. 1,1. 21,2. 5,2. 1,1. 18,1. 19,1. 12,1. 6,1. 14,1. 4,1. 11,1. 18,1. 7,1. 8,1. 13,1. 21,2. 3,2. 1,1. 12,1. 16,1. 9,1. 18,1. 7,1. 11,1. 22,2. 17,2. 1,1. 21,2. 8,2. 3,1. 15,1. 15,1. 19,1. 20,2. 13,2. 15,2. 13,2. 22,2. 4,2. 6,2. 4,1. 21,2. 5,1. 9,1. 10,1. 10,1. 8,1. 13,1. 20,2. 2,1. 18,2. 15,2. 16,2. 19,2. 22,3. 1,2. 5,2. 10,2. 9,2. 6,2. 1,1. 14,4. PL,Leicester City
Burton Wanderers,,,,,,,2. 7,2. 4,2. 15,,,,,,,,,,,,,,,,,,,,,,,,,,,,,,,,,,,,,,,,,,,,,,,,,,,,,,,,,,,,,,,,,,,,,,,,,,,,,,,,,,,,,,,,,,,,,,,,,,,,,,,,,,,,,Burton Wanderers
Loughborough,,,,,,,,2. 12,2. 13,2. 16,2. 17,2. 18,,,,,,,,,,,,,,,,,,,,,,,,,,,,,,,,,,,,,,,,,,,,,,,,,,,,,,,,,,,,,,,,,,,,,,,,,,,,,,,,,,,,,,,,,,,,,,,,,,,,,,,,,,Loughborough
Gainsborough Trinity,,,,,,,,,2. 7,2. 9,2. 14,2. 13,2. 13,2. 18,2. 12,2. 9,2. 6,2. 15,2. 14,2. 11,2. 9,2. 18,2. 18,2. 20,,,,,,,,,,,,,,,,,,,,,,,,,,,,,,,,,,,,,,,,,,,,,,,,,,,,,,,,,,,,,,,,,,,,,,,,,,,,,,,,,,,,,,,,,,,,,,Gainsborough Trinity
Blackpool,,,,,,,,,2. 8,2. 11,2. 16,,2. 12,2. 13,2. 14,2. 15,2. 15,2. 14,2. 13,2. 15,2. 20,2. 12,2. 7,2. 14,2. 20,2. 16,2. 10,2. 4,2. 4,2. 19,2. 5,2. 4,2. 17,2. 6,2. 9,2. 19,2. 8,2. 1,1. 20,1. 20,1. 22,2. 11,2. 4,2. 10,2. 2,1. 12,1. 15,1. 5,1. 9,1. 16,1. 7,1. 3,1. 9,1. 7,1. 6,1. 19,1. 2,1. 4,1. 7,1. 8,1. 11,1. 20,1. 13,1. 13,1. 18,1. 17,1. 13,1. 22,2. 3,2. 8,2. 2,1. 22,2. 6,2. 7,2. 5,2. 7,2. 10,2. 5,2. 20,3. 12,3. 18,3. 23,4. 12,4. 21,4. 6,4. 2,3. 12,3. 9,3. 10,3. 19,3. 23,4. 5,4. 4,3. 18,3. 20,3. 12,3. 3,3. 7,3. 12,3. 14,3. 22,4. 7,3. 16,3. 13,3. 14,3. 16,3. 19,3. 3,2. 19,2. 16,2. 6,1. 19,2. 5,2. 15,2. 20,2. 24,4. L1,Blackpool
Luton Town,,,,,,,,,,2. 8,2. 15,2. 17,,,,,,,,,,,,,,,,,3. 9,3. 4,3. 5,3. 7,3. 16,3. 7,3. 8,3. 13,3. 7,3. 13,3. 7,3. 6,3. 14,3. 6,3. 4,3. 2,3. 1,2. 12,2. 7,2. 13,2. 13,2. 10,2. 17,2. 19,2. 8,2. 3,2. 6,2. 2,1. 10,1. 16,1. 8,1. 17,1. 22,2. 13,2. 13,2. 22,3. 18,3. 21,4. 6,4. 17,4. 1,3. 3,3. 2,2. 6,2. 13,2. 12,2. 2,1. 20,2. 7,2. 6,2. 13,2. 18,2. 6,2. 5,2. 1,1. 18,1. 16,1. 13,1. 9,1. 7,1. 9,1. 15,1. 17,1. 18,1. 20,2. 20,2. 20,2. 16,2. 24,3. 3,3. 17,3. 12,3. 13,3. 22,4. 2,3. 9,3. 10,3. 1,2. 10,2. 23,3. 24,4. 24,,,,,,4. 8,4. L2,Luton Town
Glossop North End,,,,,,,,,,,2. 2,1. 18,2. 5,2. 8,2. 11,2. 17,2. 12,2. 16,2. 15,2. 17,2. 8,2. 6,2. 14,2. 18,2. 18,2. 17,2. 20,,,,,,,,,,,,,,,,,,,,,,,,,,,,,,,,,,,,,,,,,,,,,,,,,,,,,,,,,,,,,,,,,,,,,,,,,,,,,,,,,,,,,,,,,,,Glossop North End
New Brighton Tower,,,,,,,,,,,2. 5,2. 10,2. 4,,,,,,,,,,,,,,,,,,,,,,,,,,,,,,,,,,,,,,,,,,,,,,,,,,,,,,,,,,,,,,,,,,,,,,,,,,,,,,,,,,,,,,,,,,,,,,,,,,,,,,,,,New Brighton Tower
Barnsley,,,,,,,,,,,2. 11,2. 16,2. 15,2. 11,2. 8,2. 8,2. 7,2. 12,2. 8,2. 16,2. 17,2. 9,2. 19,2. 6,2. 4,2. 5,2. 3,2. 12,2. 16,2. 3,2. 9,2. 11,2. 15,2. 18,2. 11,2. 13,2. 16,2. 17,2. 19,2. 21,3. 8,3. 1,2. 16,2. 20,2. 14,2. 21,3. 1,2. 10,2. 12,2. 9,2. 13,2. 15,2. 20,2. 22,3. 2,3. 1,2. 18,2. 19,2. 14,2. 22,3. 17,3. 8,3. 20,3. 18,3. 20,3. 24,4. 16,4. 16,4. 2,3. 10,3. 7,3. 12,3. 22,4. 14,4. 13,4. 15,4. 12,4. 6,4. 7,4. 4,3. 11,3. 2,2. 6,2. 10,2. 14,2. 11,2. 12,2. 11,2. 14,2. 7,2. 19,2. 8,2. 16,2. 13,2. 18,2. 6,2. 10,2. 2,1. 19,2. 13,2. 4,2. 16,2. 23,3. 19,3. 12,3. 13,3. 5,2. 20,2. 18,2. 20,2. 18,2. 17,2. 21,2. 21,2. 23,3. 11,4. L1,Barnsley
Chesterfield (1905 Chesterfield Town),,,,,,,,,,,,2. 7,2. 14,2. 16,2. 6,2. 11,2. 5,2. 18,2. 18,2. 19,2. 19,,,,,,,,,3. 13,3. 4,3. 3,3. 7,3. 4,3. 7,3. 16,3. 11,3. 4,3. 1,2. 17,2. 21,3. 2,3. 10,3. 1,2. 15,2. 11,2. 6,2. 4,2. 16,2. 6,2. 14,2. 21,3. 13,3. 12,3. 6,3. 6,3. 6,3. 6,3. 8,3. 16,3. 18,3. 24,4. 19,4. 15,4. 16,4. 12,4. 20,4. 15,4. 7,4. 20,4. 1,3. 5,3. 13,3. 16,3. 5,3. 15,3. 14,3. 18,3. 9,3. 20,3. 4,3. 5,3. 11,3. 24,4. 13,4. 1,3. 17,3. 17,3. 18,3. 22,4. 7,4. 18,4. 13,4. 12,4. 8,4. 3,3. 7,3. 10,3. 10,3. 9,3. 24,4. 3,3. 18,3. 20,3. 20,3. 17,3. 16,3. 21,4. 8,4. 10,4. 8,4. 1,3. 22,4. 8,4. 1,3. 6,4. L1,Chesterfield Town
Middlesbrough,,,,,,,,,,,,2. 14,2. 6,2. 2,1. 13,1. 10,1. 15,1. 18,1. 11,1. 6,1. 9,1. 17,1. 16,1. 7,1. 16,1. 3,1. 12,1. 13,1. 8,1. 8,1. 18,1. 22,2. 13,2. 9,2. 1,1. 22,2. 1,1. 16,1. 7,1. 18,1. 17,1. 16,1. 20,1. 14,1. 7,1. 5,1. 4,1. 11,1. 16,1. 19,1. 9,1. 6,1. 18,1. 13,1. 21,2. 12,2. 14,2. 6,2. 7,2. 13,2. 5,2. 5,2. 12,2. 4,2. 10,2. 17,2. 21,3. 2,2. 6,2. 4,2. 4,2. 7,2. 9,2. 4,2. 1,1. 7,1. 13,1. 12,1. 14,1. 12,1. 9,1. 14,1. 22,2. 16,2. 17,2. 19,2. 21,3. 2,2. 3,1. 18,2. 21,2. 7,2. 2,1. 21,2. 9,2. 1,1. 12,1. 19,2. 2,1. 9,1. 12,1. 14,1. 12,1. 11,1. 11,1. 7,1. 14,1. 12,1. 13,1. 19,2. 11,2. 12,2. 7,2. 16,2. 12,2. 4,4. CH,Middlesbrough
Stockport County,,,,,,,,,,,,,2. 17,2. 17,2. 17,2. 16,,2. 10,2. 12,2. 13,2. 18,2. 13,2. 17,2. 16,2. 19,2. 12,2. 14,2. 16,2. 22,3. 1,2. 20,2. 13,2. 19,2. 22,3. 6,3. 3,3. 2,3. 2,3. 7,3. 12,3. 3,3. 3,3. 7,3. 5,3. 1,2. 22,3. 9,3. 4,3. 17,3. 8,3. 10,3. 10,3. 3,3. 11,3. 10,3. 9,3. 7,3. 5,3. 9,3. 21,4. 10,4. 13,4. 16,4. 19,4. 17,4. 24,4. 13,4. 1,3. 13,3. 9,3. 24,4. 11,4. 23,4. 11,4. 24,4. 20,4. 21,4. 14,4. 18,4. 17,4. 16,4. 20,4. 18,4. 16,4. 12,4. 22,4. 11,4. 19,4. 20,4. 20,4. 4,4. 2,3. 5,3. 6,3. 4,3. 11,3. 9,3. 2,2. 8,2. 16,2. 17,2. 19,2. 24,3. 14,3. 19,3. 24,4. 22,4. 8,4. 4,3. 18,3. 24,4. 24,,,,,,Stockport County
Bristol City,,,,,,,,,,,,,,2. 6,2. 4,2. 4,2. 4,2. 1,1. 2,1. 10,1. 8,1. 16,1. 19,2. 13,2. 16,2. 8,2. 13,2. 8,2. 3,2. 22,3. 1,2. 22,3. 3,3. 4,3. 1,2. 12,2. 20,2. 20,2. 16,2. 22,3. 15,3. 19,3. 15,3. 13,3. 16,3. 2,3. 8,3. 3,3. 7,3. 16,3. 15,3. 10,3. 15,3. 5,3. 3,3. 1,2. 11,2. 13,2. 17,2. 10,2. 22,3. 14,3. 6,3. 14,3. 5,3. 2,2. 5,2. 15,2. 19,2. 16,2. 14,2. 19,2. 8,2. 5,2. 16,2. 5,2. 2,1. 18,1. 17,1. 13,1. 20,2. 21,3. 23,4. 14,4. 4,3. 5,3. 9,3. 6,3. 5,3. 11,3. 2,2. 9,2. 17,2. 15,2. 13,2. 23,3. 13,3. 5,3. 2,2. 24,3. 9,3. 9,3. 7,3. 3,3. 3,3. 7,3. 9,3. 2,2. 4,2. 10,2. 10,2. 15,2. 20,2. 24,3. 12,3. 1,4. CH,Bristol City
Doncaster Rovers,,,,,,,,,,,,,,2. 7,2. 16,,2. 18,,,,,,,,,,,,,,,3. 9,3. 18,3. 10,3. 8,3. 4,3. 5,3. 14,3. 15,3. 15,3. 6,3. 5,3. 1,2. 18,2. 22,3. 2,3. 2,3. 1,2. 21,3. 3,3. 1,2. 11,2. 16,2. 13,2. 12,2. 18,2. 17,2. 14,2. 22,3. 22,4. 17,4. 11,4. 21,4. 16,4. 14,4. 9,4. 1,3. 23,4. 10,4. 1,3. 11,3. 23,4. 12,4. 17,4. 22,4. 17,4. 10,4. 8,4. 12,4. 22,4. 12,4. 3,3. 19,3. 23,4. 2,3. 14,3. 11,3. 13,3. 24,4. 23,4. 20,4. 11,4. 21,4. 16,4. 15,4. 9,4. 13,4. 19,4. 24,,,,,,4. 1,3. 10,3. 8,3. 11,3. 3,2. 14,2. 12,2. 21,2. 24,3. 1,2. 22,3. 13,4. L1,Doncaster Rovers
Bradford City,,,,,,,,,,,,,,,,2. 10,2. 8,2. 11,2. 5,2. 1,1. 18,1. 7,1. 5,1. 11,1. 13,1. 9,1. 11,1. 15,1. 15,1. 21,2. 15,2. 18,2. 16,2. 16,2. 22,3. 6,3. 1,2. 18,2. 10,2. 7,2. 11,2. 6,2. 20,2. 12,2. 21,3. 14,3. 3,3. 5,3. 14,3. 22,3. 19,3. 7,3. 15,3. 16,3. 5,3. 21,3. 8,3. 9,3. 3,3. 11,3. 19,3. 22,4. 5,4. 23,4. 5,4. 19,4. 23,4. 11,4. 5,4. 4,3. 10,3. 19,3. 24,4. 16,4. 8,4. 10,4. 17,4. 4,3. 22,4. 15,4. 5,4. 14,4. 2,3. 12,3. 7,3. 1,2. 13,2. 10,2. 4,2. 14,2. 23,3. 8,3. 16,3. 10,3. 7,3. 14,3. 6,2. 21,2. 13,2. 2,1. 17,1. 20,2. 15,2. 19,2. 23,3. 11,3. 11,3. 22,4. 10,4. 9,4. 14,4. 18,4. 18,4. 7,3. 11,3. 7,4. L1,Bradford City
Chelsea,,,,,,,,,,,,,,,,,,2. 3,2. 2,1. 13,1. 11,1. 19,2. 3,2. 2,1. 18,1. 8,1. 19,1. 3,1. 18,1. 9,1. 19,1. 21,2. 5,2. 3,2. 4,2. 3,2. 9,2. 2,1. 12,1. 12,1. 18,1. 19,1. 12,1. 8,1. 13,1. 10,1. 20,1. 15,1. 18,1. 13,1. 13,1. 20,1. 19,1. 19,1. 8,1. 1,1. 16,1. 12,1. 11,1. 14,1. 18,1. 12,1. 22,2. 2,1. 5,1. 3,1. 5,1. 9,1. 6,1. 5,1. 3,1. 6,1. 7,1. 12,1. 17,1. 21,2. 11,2. 2,1. 16,1. 22,2. 4,2. 12,2. 12,2. 18,2. 1,1. 6,1. 6,1. 14,1. 18,2. 1,1. 5,1. 11,1. 14,1. 11,1. 14,1. 11,1. 11,1. 6,1. 4,1. 3,1. 5,1. 6,1. 6,1. 4,1. 2,1. 1,1. 1,1. 2,1. 2,1. 3,1. 1,1. 2,1. 6,1. 3,1. 3,1. 1,4. PL,Chelsea
,Season,,,,92,93,94,95,96,97,98,99,0,1,2,3,4,5,6,7,8,9,10,11,12,13,14,19,20,21,22,23,24,25,26,27,28,29,30,31,32,33,34,35,36,37,38,46,47,48,49,50,51,52,53,54,55,56,57,58,59,60,61,62,63,64,65,66,67,68,69,70,71,72,73,74,75,76,77,78,79,80,81,82,83,84,85,86,87,88,89,90,91,92,93,94,95,96,97,98,99,0,1,2,3,4,5,6,7,8,9,10,11,12,13,14,15,Season
Clubs,,,,,93,94,95,96,97,98,99,0,1,2,3,4,5,6,7,8,9,10,11,12,13,14,15,20,21,22,23,24,25,26,27,28,29,30,31,32,33,34,35,36,37,38,39,47,48,49,50,51,52,53,54,55,56,57,58,59,60,61,62,63,64,65,66,67,68,69,70,71,72,73,74,75,76,77,78,79,80,81,82,83,84,85,86,87,88,89,90,91,92,93,94,95,96,97,98,99,0,1,2,3,4,5,6,7,8,9,10,11,12,13,14,15,16,Clubs
Hull City,,,,,,,,,,,,,,,,,,2. 5,2. 9,2. 8,2. 4,2. 3,2. 5,2. 7,2. 12,2. 7,2. 7,2. 11,2. 13,2. 5,2. 12,2. 17,2. 10,2. 13,2. 7,2. 14,2. 12,2. 21,3. 6,3. 8,3. 1,2. 15,2. 13,2. 22,3. 5,3. 3,3. 7,3. 11,3. 5,3. 1,2. 7,2. 10,2. 18,2. 18,2. 15,2. 19,2. 22,3. 8,3. 5,3. 2,2. 21,3. 11,3. 10,3. 10,3. 8,3. 4,3. 1,2. 12,2. 17,2. 11,2. 13,2. 5,2. 12,2. 13,2. 9,2. 8,2. 14,2. 14,2. 22,3. 8,3. 20,3. 24,4. 8,4. 2,3. 4,3. 3,2. 6,2. 14,2. 15,2. 21,2. 14,2. 24,3. 14,3. 20,3. 9,3. 8,3. 24,4. 17,4. 22,4. 21,4. 14,4. 6,4. 11,4. 13,4. 2,3. 2,2. 18,2. 21,2. 3,1. 17,1. 19,2. 11,2. 8,2. 2,1. 16,1. 18,4. CH,Hull City
Leeds City,,,,,,,,,,,,,,,,,,2. 6,2. 10,2. 12,2. 12,2. 17,2. 11,2. 19,2. 6,2. 4,2. 15,,,,,,,,,,,,,,,,,,,,,,,,,,,,,,,,,,,,,,,,,,,,,,,,,,,,,,,,,,,,,,,,,,,,,,,,,,,,,,,,,,,,,,,,,,,Leeds City
"Clapton Orient (Orient, Leyton Orient)",,,,,,,,,,,,,,,,,,2. 20,2. 17,2. 14,2. 15,2. 16,2. 4,2. 4,2. 14,2. 6,2. 9,2. 15,2. 7,2. 15,2. 19,2. 10,2. 11,2. 20,2. 20,2. 20,2. 22,3. 12,3. 19,3. 16,3. 20,3. 11,3. 14,3. 14,3. 12,3. 19,3. 20,3. 19,3. 17,3. 19,3. 18,3. 19,3. 18,3. 14,3. 11,3. 2,3. 1,2. 15,2. 12,2. 17,2. 10,2. 19,2. 2,1. 22,2. 16,2. 19,2. 22,3. 14,3. 18,3. 18,3. 1,2. 17,2. 17,2. 15,2. 4,2. 12,2. 13,2. 19,2. 14,2. 11,2. 14,2. 17,2. 22,3. 20,3. 11,3. 22,4. 5,4. 7,4. 8,4. 6,3. 14,3. 13,3. 10,3. 7,3. 18,3. 24,4. 21,4. 16,4. 11,4. 6,4. 19,4. 5,4. 18,4. 18,4. 19,4. 11,4. 3,3. 20,3. 14,3. 14,3. 17,3. 7,3. 20,3. 7,3. 3,3. 23,4. L2,Leyton Orient
Oldham Athletic,,,,,,,,,,,,,,,,,,,,2. 3,2. 6,2. 2,1. 7,1. 18,1. 9,1. 4,1. 2,1. 17,1. 19,1. 19,1. 22,2. 7,2. 18,2. 7,2. 10,2. 7,2. 18,2. 3,2. 12,2. 18,2. 16,2. 9,2. 21,3. 7,3. 4,3. 4,3. 5,3. 19,3. 11,3. 6,3. 11,3. 15,3. 4,3. 1,2. 22,3. 10,3. 20,3. 19,3. 15,4. 21,4. 23,4. 12,4. 11,4. 2,3. 9,3. 20,3. 20,3. 10,3. 16,3. 24,4. 19,4. 3,3. 11,3. 4,3. 1,2. 18,2. 17,2. 13,2. 8,2. 14,2. 11,2. 15,2. 11,2. 7,2. 19,2. 14,2. 8,2. 3,2. 10,2. 16,2. 8,2. 1,1. 17,1. 19,1. 21,2. 14,2. 18,2. 23,3. 13,3. 20,3. 14,3. 15,3. 9,3. 5,3. 15,3. 19,3. 10,3. 6,3. 8,3. 10,3. 16,3. 17,3. 16,3. 19,3. 15,3. 15,4. L1,Oldham Athletic
Fulham,,,,,,,,,,,,,,,,,,,,2. 4,2. 10,2. 7,2. 10,2. 8,2. 9,2. 11,2. 12,2. 6,2. 9,2. 7,2. 10,2. 20,2. 12,2. 19,2. 18,2. 21,3. 5,3. 7,3. 9,3. 1,2. 3,2. 16,2. 7,2. 9,2. 11,2. 8,2. 12,2. 15,2. 11,2. 1,1. 17,1. 18,1. 22,2. 8,2. 8,2. 14,2. 9,2. 11,2. 5,2. 2,1. 10,1. 17,1. 20,1. 16,1. 15,1. 20,1. 20,1. 18,1. 22,2. 22,3. 4,3. 2,2. 20,2. 9,2. 13,2. 9,2. 12,2. 17,2. 10,2. 10,2. 20,3. 13,3. 3,2. 4,2. 11,2. 9,2. 22,3. 18,3. 9,3. 4,3. 20,3. 21,3. 9,3. 12,3. 21,4. 8,4. 17,4. 2,3. 6,3. 1,2. 9,2. 1,1. 13,1. 14,1. 9,1. 13,1. 12,1. 16,1. 17,1. 7,1. 12,1. 8,1. 9,1. 12,1. 19,2. 17,4. CH,Fulham
Tottenham Hotspur,,,,,,,,,,,,,,,,,,,,,2. 2,1. 15,1. 15,1. 12,1. 17,1. 17,1. 20,2. 1,1. 6,1. 2,1. 12,1. 15,1. 12,1. 15,1. 13,1. 21,2. 10,2. 12,2. 3,2. 8,2. 2,1. 3,1. 22,2. 5,2. 10,2. 5,2. 8,2. 6,2. 8,2. 5,2. 1,1. 1,1. 2,1. 10,1. 16,1. 16,1. 18,1. 2,1. 3,1. 18,1. 3,1. 1,1. 3,1. 2,1. 4,1. 6,1. 8,1. 3,1. 7,1. 6,1. 11,1. 3,1. 6,1. 8,1. 11,1. 19,1. 9,1. 22,2. 3,1. 11,1. 14,1. 10,1. 4,1. 4,1. 8,1. 3,1. 10,1. 3,1. 13,1. 6,1. 3,1. 10,1. 15,1. 8,1. 15,1. 7,1. 8,1. 10,1. 14,1. 11,1. 10,1. 12,1. 9,1. 10,1. 14,1. 9,1. 5,1. 5,1. 11,1. 8,1. 4,1. 5,1. 4,1. 5,1. 6,1. 5,4. PL,Tottenham Hotspur
Bradford Park Avenue,,,,,,,,,,,,,,,,,,,,,2. 16,2. 10,2. 12,2. 11,2. 13,2. 2,1. 9,1. 11,1. 22,2. 21,3. 2,3. 5,3. 5,3. 2,3. 3,3. 1,2. 3,2. 4,2. 6,2. 6,2. 8,2. 5,2. 15,2. 16,2. 20,2. 7,2. 17,2. 16,2. 14,2. 17,2. 22,3. 6,3. 8,3. 7,3. 9,3. 16,3. 23,3. 20,3. 22,4. 14,4. 11,4. 4,4. 11,4. 21,4. 13,4. 7,4. 11,4. 23,4. 24,4. 24,4. 24,,,,,,,,,,,,,,,,,,,,,,,,,,,,,,,,,,,,,,,,,,,,,,,Bradford Park Avenue
Huddersfield Town,,,,,,,,,,,,,,,,,,,,,,,2. 13,2. 17,2. 5,2. 13,2. 8,2. 2,1. 17,1. 14,1. 3,1. 1,1. 1,1. 1,1. 2,1. 2,1. 16,1. 10,1. 5,1. 4,1. 6,1. 2,1. 16,1. 3,1. 15,1. 15,1. 19,1. 20,1. 19,1. 20,1. 15,1. 19,1. 21,2. 2,1. 3,1. 12,1. 21,2. 12,2. 9,2. 14,2. 6,2. 20,2. 7,2. 6,2. 12,2. 8,2. 4,2. 6,2. 14,2. 6,2. 1,1. 15,1. 22,2. 21,3. 10,3. 24,4. 5,4. 9,4. 11,4. 9,4. 1,3. 4,3. 17,3. 3,2. 12,2. 13,2. 16,2. 17,2. 23,3. 14,3. 8,3. 11,3. 3,3. 15,3. 11,3. 5,2. 8,2. 20,2. 16,2. 10,2. 8,2. 22,3. 6,3. 22,4. 4,3. 9,3. 4,3. 15,3. 10,3. 9,3. 6,3. 3,3. 4,2. 19,2. 17,2. 16,4. CH,Huddersfield Town
West Ham United,,,,,,,,,,,,,,,,,,,,,,,,,,,,2. 7,2. 5,2. 4,2. 2,1. 13,1. 13,1. 18,1. 6,1. 17,1. 17,1. 7,1. 18,1. 22,2. 20,2. 7,2. 3,2. 4,2. 6,2. 9,2. 11,2. 12,2. 6,2. 7,2. 19,2. 13,2. 12,2. 14,2. 13,2. 8,2. 16,2. 8,2. 1,1. 6,1. 14,1. 16,1. 8,1. 12,1. 14,1. 9,1. 12,1. 16,1. 12,1. 8,1. 17,1. 20,1. 14,1. 6,1. 18,1. 13,1. 18,1. 17,1. 20,2. 5,2. 7,2. 1,1. 9,1. 8,1. 9,1. 16,1. 3,1. 15,1. 16,1. 19,2. 7,2. 2,1. 22,2. 2,1. 13,1. 14,1. 10,1. 14,1. 8,1. 5,1. 9,1. 15,1. 7,1. 18,2. 4,2. 6,1. 9,1. 15,1. 10,1. 9,1. 17,1. 20,2. 3,1. 10,1. 13,1. 12,4. PL,West Ham United
South Shields,,,,,,,,,,,,,,,,,,,,,,,,,,,,2. 9,2. 8,2. 6,2. 13,2. 9,2. 9,2. 10,2. 19,2. 22,3. 10,3. 7,,,,,,,,,,,,,,,,,,,,,,,,,,,,,,,,,,,,,,,,,,,,,,,,,,,,,,,,,,,,,,,,,,,,,,,,,,,,,,,,South Shields
Rotherham County (1926 Rotherham United with Rotherham Town),,,,,,,,,,,,,,,,,,,,,,,,,,,,2. 17,2. 19,2. 16,2. 21,3. 4,3. 22,,,,,,,,,,,,,,,,,,,,,,,,,,,,,,,,,,,,,,,,,,,,,,,,,,,,,,,,,,,,,,,,,,,,,,,,,,,,,,,,,,,,,Rotherham United
Coventry City,,,,,,,,,,,,,,,,,,,,,,,,,,,,2. 20,2. 21,2. 20,2. 18,2. 19,2. 22,3. 16,3. 15,3. 20,3. 11,3. 6,3. 14,3. 12,3. 6,3. 2,3. 3,3. 1,2. 8,2. 4,2. 4,2. 8,2. 10,2. 16,2. 12,2. 7,2. 21,3. 6,3. 14,3. 9,3. 8,3. 16,3. 19,4. 2,3. 5,3. 15,3. 14,3. 4,3. 1,2. 10,2. 3,2. 1,1. 20,1. 20,1. 6,1. 10,1. 18,1. 19,1. 16,1. 14,1. 14,1. 19,1. 7,1. 10,1. 15,1. 16,1. 14,1. 19,1. 19,1. 18,1. 17,1. 10,1. 10,1. 7,1. 12,1. 16,1. 19,1. 15,1. 11,1. 16,1. 16,1. 17,1. 11,1. 15,1. 14,1. 19,2. 11,2. 20,2. 12,2. 19,2. 8,2. 17,2. 21,2. 17,2. 19,2. 18,2. 23,3. 15,3. 18,3. 17,4. L1,Coventry City
Cardiff City,,,,,,,,,,,,,,,,,,,,,,,,,,,,,2. 2,1. 4,1. 9,1. 2,1. 11,1. 16,1. 14,1. 6,1. 22,2. 8,2. 22,3. 9,3. 19,3. 22,3. 19,3. 20,3. 18,3. 10,3. 13,3. 1,2. 5,2. 4,2. 10,2. 3,2. 2,1. 12,1. 10,1. 20,1. 17,1. 21,2. 15,2. 9,2. 2,1. 15,1. 21,2. 10,2. 15,2. 13,2. 20,2. 20,2. 13,2. 5,2. 7,2. 3,2. 19,2. 20,2. 17,2. 21,3. 2,2. 18,2. 19,2. 9,2. 15,2. 19,2. 20,3. 2,2. 15,2. 21,3. 22,4. 13,4. 2,3. 16,3. 21,4. 13,4. 9,4. 1,3. 19,3. 22,4. 22,4. 7,4. 21,4. 3,3. 21,4. 2,3. 4,3. 6,2. 13,2. 16,2. 11,2. 13,2. 12,2. 7,2. 4,2. 4,2. 6,2. 1,1. 20,2. 11,4. CH,Cardiff City
Leeds United,,,,,,,,,,,,,,,,,,,,,,,,,,,,,2. 14,2. 8,2. 7,2. 1,1. 18,1. 19,1. 21,2. 2,1. 13,1. 5,1. 21,2. 2,1. 8,1. 9,1. 18,1. 11,1. 19,1. 9,1. 13,1. 22,2. 18,2. 15,2. 5,2. 5,2. 6,2. 10,2. 10,2. 4,2. 2,1. 8,1. 17,1. 15,1. 21,2. 14,2. 19,2. 5,2. 1,1. 2,1. 2,1. 4,1. 4,1. 1,1. 2,1. 2,1. 2,1. 3,1. 1,1. 9,1. 5,1. 10,1. 9,1. 5,1. 11,1. 9,1. 20,2. 8,2. 10,2. 7,2. 14,2. 4,2. 7,2. 10,2. 1,1. 4,1. 1,1. 17,1. 5,1. 5,1. 13,1. 11,1. 5,1. 4,1. 3,1. 4,1. 5,1. 15,1. 19,2. 14,2. 5,2. 24,3. 5,3. 4,3. 2,2. 7,2. 14,2. 13,2. 15,2. 15,4. CH,Leeds United
Crystal Palace,,,,,,,,,,,,,,,,,,,,,,,,,,,,,3. 1,2. 14,2. 16,2. 15,2. 21,3. 13,3. 6,3. 5,3. 2,3. 9,3. 2,3. 4,3. 5,3. 12,3. 5,3. 6,3. 14,3. 7,3. 2,3. 18,3. 13,3. 22,3. 7,3. 24,3. 19,3. 13,3. 22,3. 20,3. 23,3. 20,3. 14,4. 7,4. 8,4. 2,3. 15,3. 11,3. 2,2. 7,2. 11,2. 7,2. 11,2. 2,1. 20,1. 18,1. 20,1. 21,2. 20,3. 5,3. 5,3. 3,2. 9,2. 1,1. 13,1. 22,2. 15,2. 15,2. 18,2. 15,2. 5,2. 6,2. 6,2. 3,1. 15,1. 3,1. 10,1. 20,2. 1,1. 19,2. 3,2. 6,1. 20,2. 14,2. 15,2. 21,2. 10,2. 14,2. 6,1. 18,2. 6,2. 12,2. 5,2. 15,2. 21,2. 20,2. 17,2. 5,1. 11,1. 10,4. PL,Crystal Palace
Southampton,,,,,,,,,,,,,,,,,,,,,,,,,,,,,3. 2,3. 1,2. 11,2. 5,2. 7,2. 14,2. 13,2. 17,2. 4,2. 7,2. 9,2. 14,2. 12,2. 14,2. 19,2. 17,2. 19,2. 15,2. 18,2. 14,2. 3,2. 3,2. 4,2. 12,2. 13,2. 21,3. 6,3. 3,3. 14,3. 4,3. 6,3. 14,3. 1,2. 8,2. 6,2. 11,2. 5,2. 4,2. 2,1. 19,1. 16,1. 7,1. 19,1. 7,1. 19,1. 13,1. 20,2. 13,2. 6,2. 9,2. 2,1. 14,1. 8,1. 6,1. 7,1. 12,1. 2,1. 5,1. 14,1. 12,1. 12,1. 13,1. 7,1. 14,1. 16,1. 18,1. 18,1. 10,1. 17,1. 16,1. 12,1. 17,1. 15,1. 10,1. 11,1. 8,1. 12,1. 20,2. 12,2. 6,2. 20,2. 23,3. 7,3. 2,2. 2,1. 14,1. 8,1. 7,4. PL,Southampton
Queens Park Rangers,,,,,,,,,,,,,,,,,,,,,,,,,,,,,3. 3,3. 5,3. 11,3. 22,3. 19,3. 22,3. 14,3. 10,3. 6,3. 3,3. 8,3. 13,3. 16,3. 4,3. 13,3. 4,3. 9,3. 3,3. 6,3. 2,3. 1,2. 13,2. 20,2. 16,2. 22,3. 20,3. 18,3. 15,3. 18,3. 10,3. 10,3. 13,3. 8,3. 3,3. 4,3. 13,3. 15,3. 14,3. 3,3. 1,2. 2,1. 22,2. 9,2. 11,2. 4,2. 2,1. 8,1. 11,1. 2,1. 14,1. 19,1. 20,2. 5,2. 8,2. 5,2. 1,1. 5,1. 19,1. 13,1. 16,1. 5,1. 9,1. 11,1. 12,1. 11,1. 5,1. 9,1. 8,1. 19,2. 9,2. 21,2. 20,2. 10,2. 23,3. 8,3. 4,3. 2,2. 11,2. 21,2. 18,2. 14,2. 11,2. 13,2. 1,1. 17,1. 20,2. 4,1. 20,4. CH,Queens Park Rangers
Swindon Town,,,,,,,,,,,,,,,,,,,,,,,,,,,,,3. 4,3. 6,3. 9,3. 6,3. 4,3. 6,3. 5,3. 6,3. 10,3. 14,3. 12,3. 17,3. 22,3. 8,3. 16,3. 19,3. 13,3. 8,3. 9,3. 4,3. 16,3. 4,3. 14,3. 17,3. 16,3. 18,3. 19,3. 21,3. 24,3. 23,3. 4,3. 15,3. 16,3. 16,3. 9,3. 2,2. 14,2. 21,3. 7,3. 8,3. 9,3. 2,2. 5,2. 12,2. 11,2. 16,2. 22,3. 4,3. 19,3. 11,3. 10,3. 5,3. 10,3. 17,3. 22,4. 8,4. 17,4. 8,4. 1,3. 3,2. 12,2. 6,2. 4,2. 21,2. 8,2. 5,1. 22,2. 21,3. 1,2. 19,2. 18,2. 17,2. 24,3. 20,3. 13,3. 10,3. 5,3. 12,3. 23,4. 3,3. 13,3. 15,3. 5,3. 24,4. 1,3. 6,3. 8,3. 4,4. L1,Swindon Town
Swansea Town,,,,,,,,,,,,,,,,,,,,,,,,,,,,,3. 5,3. 10,3. 3,3. 4,3. 1,2. 5,2. 12,2. 6,2. 19,2. 15,2. 20,2. 15,2. 10,2. 19,2. 17,2. 13,2. 16,2. 18,2. 19,2. 21,3. 5,3. 1,2. 8,2. 18,2. 19,2. 11,2. 20,2. 10,2. 10,2. 10,2. 19,2. 11,2. 12,2. 7,2. 20,2. 15,2. 19,2. 22,3. 17,3. 21,4. 15,4. 10,4. 3,3. 11,3. 14,3. 23,4. 14,4. 22,4. 11,4. 5,4. 3,3. 3,2. 12,2. 3,1. 6,1. 21,2. 21,3. 20,3. 24,4. 12,4. 6,3. 12,3. 17,3. 20,3. 19,3. 5,3. 13,3. 10,3. 22,4. 5,4. 20,4. 7,4. 1,3. 23,4. 20,4. 21,4. 10,4. 3,3. 6,3. 7,3. 1,2. 8,2. 7,2. 3,1. 11,1. 9,1. 12,1. 8,4. PL,Swansea Town
Watford,,,,,,,,,,,,,,,,,,,,,,,,,,,,,3. 6,3. 7,3. 10,3. 20,3. 11,3. 15,3. 21,3. 15,3. 8,3. 15,3. 18,3. 11,3. 11,3. 15,3. 6,3. 5,3. 4,3. 4,3. 4,3. 16,3. 15,3. 17,3. 6,3. 23,3. 21,3. 10,3. 4,3. 7,3. 21,3. 11,3. 16,4. 15,4. 4,3. 4,3. 17,3. 17,3. 3,3. 9,3. 12,3. 3,3. 6,3. 1,2. 19,2. 18,2. 22,3. 19,3. 7,3. 23,4. 8,4. 7,4. 1,3. 2,2. 18,2. 9,2. 2,1. 2,1. 11,1. 11,1. 12,1. 9,1. 20,2. 4,2. 15,2. 20,2. 10,2. 16,2. 19,2. 7,2. 23,3. 13,3. 1,2. 5,1. 20,2. 9,2. 14,2. 13,2. 16,2. 18,2. 3,1. 20,2. 6,2. 13,2. 16,2. 14,2. 11,2. 3,2. 13,2. 2,4. PL,Watford
Millwall Athletic (1926 Millwall),,,,,,,,,,,,,,,,,,,,,,,,,,,,,3. 7,3. 12,3. 6,3. 3,3. 5,3. 3,3. 3,3. 1,2. 14,2. 14,2. 14,2. 9,2. 7,2. 21,3. 12,3. 12,3. 8,3. 1,2. 13,2. 18,2. 22,3. 8,3. 22,3. 5,3. 4,3. 2,3. 12,3. 5,3. 22,3. 17,3. 23,4. 9,4. 5,4. 6,4. 1,3. 16,3. 21,4. 2,3. 2,2. 8,2. 7,2. 10,2. 10,2. 8,2. 3,2. 11,2. 12,2. 20,3. 3,2. 10,2. 16,2. 21,3. 14,3. 16,3. 9,3. 17,3. 9,3. 2,2. 9,2. 16,2. 1,1. 10,1. 20,2. 5,2. 15,2. 7,2. 3,2. 12,2. 22,3. 14,3. 18,3. 10,3. 5,3. 1,2. 4,2. 9,2. 10,2. 10,2. 23,3. 10,3. 17,3. 5,3. 3,2. 9,2. 16,2. 20,2. 19,2. 22,4. L1,Millwall
Merthyr Town,,,,,,,,,,,,,,,,,,,,,,,,,,,,,3. 8,3. 11,3. 17,3. 13,3. 22,3. 14,3. 17,3. 21,3. 20,3. 22,,,,,,,,,,,,,,,,,,,,,,,,,,,,,,,,,,,,,,,,,,,,,,,,,,,,,,,,,,,,,,,,,,,,,,,,,,,,,,,,Merthyr Town
Bristol Rovers,,,,,,,,,,,,,,,,,,,,,,,,,,,,,3. 10,3. 14,3. 13,3. 9,3. 17,3. 19,3. 10,3. 19,3. 19,3. 20,3. 15,3. 18,3. 9,3. 7,3. 8,3. 17,3. 15,3. 15,3. 22,3. 14,3. 20,3. 5,3. 9,3. 6,3. 7,3. 1,2. 9,2. 9,2. 6,2. 9,2. 10,2. 6,2. 9,2. 17,2. 21,3. 19,3. 12,3. 6,3. 16,3. 5,3. 15,3. 16,3. 3,3. 6,3. 6,3. 5,3. 2,2. 19,2. 18,2. 15,2. 18,2. 16,2. 19,2. 22,3. 15,3. 7,3. 5,3. 6,3. 16,3. 19,3. 8,3. 5,3. 1,2. 13,2. 13,2. 24,3. 8,3. 4,3. 10,3. 17,3. 5,3. 13,3. 7,3. 21,4. 23,4. 20,4. 15,4. 12,4. 12,4. 6,3. 16,3. 11,3. 11,3. 22,4. 13,4. 14,4. 23,,4. L2,Bristol Rovers
Plymouth Argyle,,,,,,,,,,,,,,,,,,,,,,,,,,,,,3. 11,3. 2,3. 2,3. 2,3. 2,3. 2,3. 2,3. 3,3. 4,3. 1,2. 18,2. 4,2. 14,2. 10,2. 8,2. 7,2. 5,2. 13,2. 15,2. 19,2. 17,2. 20,2. 21,3. 4,3. 1,2. 4,2. 19,2. 20,2. 21,3. 18,3. 3,3. 1,2. 19,2. 11,2. 5,2. 12,2. 20,2. 15,2. 18,2. 16,2. 22,3. 5,3. 17,3. 15,3. 8,3. 8,3. 17,3. 2,2. 16,2. 21,3. 19,3. 15,3. 15,3. 7,3. 10,3. 8,3. 19,3. 15,3. 2,2. 7,2. 16,2. 18,2. 16,2. 18,2. 22,3. 14,3. 3,3. 21,4. 4,3. 19,3. 22,4. 13,4. 12,4. 12,4. 1,3. 8,3. 1,2. 17,2. 14,2. 11,2. 10,2. 21,2. 23,3. 23,4. 21,4. 21,4. 10,4. 7,4. L2,Plymouth Argyle
Portsmouth,,,,,,,,,,,,,,,,,,,,,,,,,,,,,3. 12,3. 3,3. 7,3. 1,2. 4,2. 11,2. 2,1. 20,1. 20,1. 13,1. 4,1. 8,1. 9,1. 10,1. 14,1. 10,1. 9,1. 19,1. 17,1. 12,1. 8,1. 1,1. 1,1. 7,1. 4,1. 15,1. 14,1. 3,1. 12,1. 19,1. 20,1. 22,2. 20,2. 21,3. 1,2. 16,2. 19,2. 20,2. 12,2. 14,2. 5,2. 15,2. 17,2. 16,2. 16,2. 17,2. 15,2. 17,2. 22,3. 20,3. 24,4. 7,4. 4,3. 6,3. 13,3. 1,2. 16,2. 4,2. 4,2. 2,1. 19,2. 20,2. 12,2. 17,2. 9,2. 3,2. 17,2. 18,2. 21,2. 7,2. 20,2. 19,2. 18,2. 20,2. 17,2. 1,1. 13,1. 16,1. 17,1. 9,1. 8,1. 14,1. 20,2. 16,2. 22,3. 24,4. 13,4. 16,4. L2,Portsmouth
,,,,,,,,,,,,Season,,,,,,5,6,7,8,9,10,11,12,13,14,19,20,21,22,23,24,25,26,27,28,29,30,31,32,33,34,35,36,37,38,46,47,48,49,50,51,52,53,54,55,56,57,58,59,60,61,62,63,64,65,66,67,68,69,70,71,72,73,74,75,76,77,78,79,80,81,82,83,84,85,86,87,88,89,90,91,92,93,94,95,96,97,98,99,0,1,2,3,4,5,6,7,8,9,10,11,12,13,14,15,Season
Clubs,,,,,,,,,,,,,,,,,,6,7,8,9,10,11,12,13,14,15,20,21,22,23,24,25,26,27,28,29,30,31,32,33,34,35,36,37,38,39,47,48,49,50,51,52,53,54,55,56,57,58,59,60,61,62,63,64,65,66,67,68,69,70,71,72,73,74,75,76,77,78,79,80,81,82,83,84,85,86,87,88,89,90,91,92,93,94,95,96,97,98,99,0,1,2,3,4,5,6,7,8,9,10,11,12,13,14,15,16,Clubs
Northampton Town,,,,,,,,,,,,,,,,,,,,,,,,,,,,,3. 14,3. 17,3. 8,3. 8,3. 9,3. 12,3. 18,3. 2,3. 3,3. 4,3. 6,3. 14,3. 8,3. 13,3. 7,3. 15,3. 7,3. 9,3. 17,3. 13,3. 14,3. 20,3. 2,3. 21,3. 8,3. 3,3. 5,3. 13,3. 11,3. 14,3. 13,4. 8,4. 6,4. 3,3. 8,3. 1,2. 11,2. 2,1. 21,2. 21,3. 17,3. 21,4. 14,4. 7,4. 21,4. 23,4. 5,4. 16,4. 2,3. 22,4. 10,4. 19,4. 13,4. 10,4. 22,4. 15,4. 18,4. 23,4. 8,4. 1,3. 6,3. 20,3. 22,4. 10,4. 16,4. 20,4. 22,4. 17,4. 11,4. 4,3. 4,3. 22,4. 3,3. 18,3. 20,3. 24,4. 6,4. 7,4. 2,3. 14,3. 9,3. 21,4. 11,4. 16,4. 20,4. 6,4. 21,4. 12,4. L2,Northampton Town
Newport County,,,,,,,,,,,,,,,,,,,,,,,,,,,,,3. 15,3. 20,3. 22,3. 10,3. 6,3. 17,3. 9,3. 9,3. 16,3. 18,3. 21,,3. 21,3. 18,3. 22,3. 21,3. 19,3. 16,3. 1,2. 22,3. 12,3. 15,3. 21,3. 11,3. 6,3. 15,3. 15,3. 19,3. 19,3. 12,3. 11,3. 17,3. 13,3. 13,3. 24,4. 20,4. 15,4. 16,4. 9,4. 18,4. 12,4. 22,4. 21,4. 22,4. 14,4. 5,4. 9,4. 12,4. 22,4. 19,4. 16,4. 8,4. 3,3. 12,3. 16,3. 4,3. 13,3. 18,3. 19,3. 24,4. 24,,,,,,,,,,,,,,,,,,,,,,,,,,4. 14,4. 9,4. L2,Newport County
Norwich City,,,,,,,,,,,,,,,,,,,,,,,,,,,,,3. 16,3. 15,3. 18,3. 11,3. 12,3. 16,3. 16,3. 17,3. 17,3. 8,3. 22,3. 10,3. 3,3. 1,2. 14,2. 11,2. 17,2. 14,2. 21,3. 21,3. 21,3. 10,3. 11,3. 2,3. 3,3. 4,3. 7,3. 11,3. 7,3. 24,3. 8,3. 4,3. 2,2. 4,2. 17,2. 13,2. 17,2. 6,2. 13,2. 11,2. 9,2. 13,2. 11,2. 10,2. 1,1. 20,1. 22,2. 3,1. 10,1. 16,1. 13,1. 16,1. 12,1. 20,2. 3,1. 14,1. 14,1. 20,2. 1,1. 5,1. 14,1. 4,1. 10,1. 15,1. 18,1. 3,1. 12,1. 20,2. 16,2. 13,2. 15,2. 9,2. 12,2. 15,2. 6,2. 8,2. 1,1. 19,2. 9,2. 16,2. 17,2. 22,3. 1,2. 2,1. 12,1. 11,1. 18,2. 3,4. PL,Norwich City
Southend United,,,,,,,,,,,,,,,,,,,,,,,,,,,,,3. 17,3. 22,3. 15,3. 19,3. 10,3. 11,3. 19,3. 7,3. 12,3. 11,3. 5,3. 3,3. 13,3. 16,3. 21,3. 18,3. 10,3. 12,3. 12,3. 8,3. 9,3. 18,3. 3,3. 7,3. 9,3. 8,3. 16,3. 10,3. 4,3. 7,3. 7,3. 8,3. 12,3. 20,3. 16,3. 8,3. 14,3. 12,3. 21,4. 6,4. 6,4. 7,4. 17,4. 18,4. 2,3. 14,3. 12,3. 18,3. 23,4. 10,4. 2,3. 13,3. 22,4. 1,3. 7,3. 15,3. 22,4. 20,4. 9,4. 3,3. 17,3. 21,4. 3,3. 2,2. 12,2. 18,2. 15,2. 13,2. 14,2. 24,3. 24,4. 18,4. 16,4. 11,4. 12,4. 17,4. 17,4. 4,3. 1,2. 22,3. 6,3. 8,3. 23,4. 13,4. 4,4. 11,4. 5,4. 5,4. L1,Southend United
Brighton & Hove Albion,,,,,,,,,,,,,,,,,,,,,,,,,,,,,3. 18,3. 19,3. 4,3. 5,3. 8,3. 5,3. 4,3. 4,3. 15,3. 5,3. 4,3. 8,3. 12,3. 10,3. 9,3. 7,3. 3,3. 5,3. 3,3. 17,3. 22,3. 6,3. 8,3. 13,3. 5,3. 7,3. 2,3. 6,3. 2,3. 6,3. 1,2. 12,2. 14,2. 16,2. 22,3. 22,4. 8,4. 1,3. 15,3. 19,3. 10,3. 12,3. 5,3. 14,3. 2,2. 22,3. 19,3. 19,3. 4,3. 2,2. 4,2. 2,1. 16,1. 19,1. 13,1. 22,2. 9,2. 6,2. 11,2. 22,3. 2,2. 19,2. 18,2. 6,2. 23,3. 9,3. 14,3. 16,3. 23,4. 23,4. 23,4. 17,4. 11,4. 1,3. 1,2. 23,3. 4,2. 20,2. 24,3. 18,3. 7,3. 16,3. 13,3. 1,2. 10,2. 4,2. 6,2. 20,4. CH,Brighton & Hove Albion
Exeter City,,,,,,,,,,,,,,,,,,,,,,,,,,,,,3. 19,3. 21,3. 20,3. 16,3. 7,3. 20,3. 12,3. 8,3. 21,3. 16,3. 13,3. 7,3. 2,3. 9,3. 11,3. 22,3. 21,3. 17,3. 14,3. 15,3. 11,3. 12,3. 16,3. 14,3. 23,3. 17,3. 9,3. 22,3. 16,3. 21,3. 24,4. 5,4. 9,4. 21,4. 18,4. 17,4. 4,3. 17,3. 22,4. 14,4. 20,4. 17,4. 18,4. 9,4. 15,4. 8,4. 10,4. 9,4. 7,4. 2,3. 17,3. 9,3. 8,3. 11,3. 18,3. 19,3. 24,4. 18,4. 21,4. 14,4. 22,4. 13,4. 1,3. 16,3. 20,3. 19,3. 22,4. 22,4. 14,4. 22,4. 15,4. 12,4. 21,4. 19,4. 16,4. 23,,,,,,4. 2,3. 18,3. 8,3. 23,4. 10,4. 16,4. 10,4. L2,Exeter City
Reading,,,,,,,,,,,,,,,,,,,,,,,,,,,,,3. 20,3. 13,3. 19,3. 18,3. 14,3. 1,2. 14,2. 18,2. 15,2. 19,2. 21,3. 2,3. 4,3. 3,3. 2,3. 3,3. 5,3. 6,3. 5,3. 9,3. 10,3. 2,3. 10,3. 3,3. 2,3. 11,3. 8,3. 18,3. 17,3. 13,3. 5,3. 6,3. 11,3. 18,3. 7,3. 20,3. 6,3. 13,3. 8,3. 4,3. 5,3. 14,3. 8,3. 21,4. 16,4. 7,4. 6,4. 7,4. 3,3. 21,4. 8,4. 1,3. 7,3. 10,3. 12,3. 21,4. 3,3. 9,3. 1,2. 13,2. 22,3. 18,3. 10,3. 15,3. 12,3. 8,3. 1,2. 2,2. 19,2. 18,2. 24,3. 11,3. 10,3. 3,3. 2,2. 4,2. 9,2. 7,2. 1,1. 8,1. 18,2. 4,2. 9,2. 5,2. 1,1. 19,2. 7,2. 19,4. CH,Reading
Brentford,,,,,,,,,,,,,,,,,,,,,,,,,,,,,3. 21,3. 9,3. 14,3. 17,3. 21,3. 18,3. 11,3. 12,3. 13,3. 2,3. 3,3. 5,3. 1,2. 4,2. 1,1. 5,1. 6,1. 6,1. 18,1. 21,2. 15,2. 18,2. 9,2. 9,2. 10,2. 17,2. 21,3. 11,3. 6,3. 8,3. 2,3. 3,3. 6,3. 17,3. 23,4. 1,3. 16,3. 5,3. 23,4. 9,4. 14,4. 11,4. 5,4. 14,4. 3,3. 22,4. 19,4. 8,4. 18,4. 15,4. 4,3. 10,3. 19,3. 9,3. 8,3. 9,3. 20,3. 13,3. 10,3. 11,3. 12,3. 7,3. 13,3. 6,3. 1,2. 22,3. 16,3. 2,3. 15,3. 4,3. 21,4. 1,3. 17,3. 14,3. 3,3. 16,3. 17,3. 4,3. 3,3. 24,4. 14,4. 1,3. 9,3. 11,3. 9,3. 3,3. 2,2. 5,4. CH,Brentford
Gillingham,,,,,,,,,,,,,,,,,,,,,,,,,,,,,3. 22,3. 18,3. 16,3. 15,3. 13,3. 10,3. 20,3. 16,3. 22,3. 21,3. 16,3. 21,3. 7,3. 17,3. 20,3. 16,3. 11,3. 22,,,,,,3. 22,3. 22,3. 21,3. 10,3. 4,3. 10,3. 22,3. 22,4. 11,4. 7,4. 15,4. 20,4. 5,4. 1,3. 7,3. 6,3. 11,3. 11,3. 20,3. 20,3. 24,4. 13,4. 9,4. 2,3. 10,3. 15,3. 12,3. 7,3. 4,3. 16,3. 15,3. 6,3. 13,3. 8,3. 4,3. 5,3. 5,3. 13,3. 23,4. 14,4. 15,4. 11,4. 21,4. 16,4. 19,4. 2,3. 11,3. 8,3. 4,3. 3,2. 13,2. 12,2. 11,2. 21,2. 22,3. 14,3. 16,3. 22,4. 5,3. 21,4. 8,4. 8,4. 1,3. 17,3. 12,4. L1,Gillingham
Darlington,,,,,,,,,,,,,,,,,,,,,,,,,,,,,,3. 2,3. 9,3. 6,3. 1,2. 15,2. 21,2. 7,3. 19,3. 3,3. 11,3. 11,3. 22,3. 16,3. 5,3. 12,3. 22,3. 19,3. 18,3. 17,3. 16,3. 4,3. 17,3. 18,3. 23,3. 21,3. 21,3. 15,3. 15,3. 18,3. 20,4. 16,4. 15,4. 7,4. 13,4. 12,4. 19,4. 17,4. 2,3. 22,4. 16,4. 5,4. 22,4. 12,4. 19,4. 24,4. 20,4. 21,4. 20,4. 11,4. 19,4. 21,4. 22,4. 8,4. 13,4. 17,4. 14,4. 3,3. 13,3. 23,4. 13,4. 24,,4. 1,3. 24,4. 15,4. 21,4. 20,4. 5,4. 18,4. 19,4. 11,4. 4,4. 20,4. 15,4. 14,4. 18,4. 8,4. 8,4. 11,4. 6,4. 12,4. 24,,,,,,,Darlington
Hartlepools United,,,,,,,,,,,,,,,,,,,,,,,,,,,,,,3. 4,3. 15,3. 21,3. 20,3. 6,3. 17,3. 15,3. 21,3. 8,3. 20,3. 13,3. 14,3. 11,3. 12,3. 8,3. 6,3. 20,3. 21,3. 13,3. 19,3. 16,3. 18,3. 16,3. 9,3. 17,3. 18,3. 5,3. 4,3. 2,3. 17,4. 19,4. 24,4. 23,4. 22,4. 24,4. 23,4. 15,4. 18,4. 8,4. 3,3. 22,4. 23,4. 23,4. 18,4. 20,4. 11,4. 13,4. 14,4. 22,4. 21,4. 13,4. 19,4. 9,4. 14,4. 22,4. 23,4. 19,4. 7,4. 18,4. 16,4. 19,4. 19,4. 3,3. 11,3. 16,3. 23,4. 18,4. 20,4. 20,4. 17,4. 22,4. 7,4. 4,4. 7,4. 2,3. 6,3. 6,3. 21,4. 2,3. 15,3. 19,3. 20,3. 16,3. 13,3. 23,4. 19,4. 22,4. L2,Hartlepool United
Accrington Stanley,,,,,,,,,,,,,,,,,,,,,,,,,,,,,,3. 5,3. 8,3. 13,3. 17,3. 18,3. 21,3. 9,3. 18,3. 16,3. 13,3. 14,3. 13,3. 20,3. 18,3. 9,3. 13,3. 22,3. 22,3. 20,3. 6,3. 20,3. 13,3. 23,3. 22,3. 24,3. 15,3. 2,3. 3,3. 3,3. 2,3. 19,3. 24,4. 18,4. 24,,,,,,,,,,,,,,,,,,,,,,,,,,,,,,,,,,,,,,,,,,,,,4. 20,4. 17,4. 16,4. 15,4. 5,4. 14,4. 18,4. 15,4. 17,4. L2,Accrington Stanley
Stalybridge Celtic,,,,,,,,,,,,,,,,,,,,,,,,,,,,,,3. 7,3. 11,,,,,,,,,,,,,,,,,,,,,,,,,,,,,,,,,,,,,,,,,,,,,,,,,,,,,,,,,,,,,,,,,,,,,,,,,,,,,,,,,,,,,,,Stalybridge Celtic
Southport,,,,,,,,,,,,,,,,,,,,,,,,,,,,,,3. 9,3. 17,3. 7,3. 4,3. 20,3. 12,3. 8,3. 12,3. 9,3. 5,3. 7,3. 12,3. 18,3. 21,3. 21,3. 14,3. 16,3. 4,3. 21,3. 15,3. 21,3. 16,3. 21,3. 17,3. 6,3. 11,3. 11,3. 5,3. 22,3. 23,4. 24,4. 21,4. 14,4. 17,4. 13,4. 21,4. 20,4. 10,4. 2,3. 14,3. 8,3. 22,4. 8,4. 7,4. 1,3. 23,4. 11,4. 23,4. 23,4. 23,,,,,,,,,,,,,,,,,,,,,,,,,,,,,,,,,,,,,,,Southport
Ashington,,,,,,,,,,,,,,,,,,,,,,,,,,,,,,3. 10,3. 19,3. 8,3. 10,3. 9,3. 16,3. 18,3. 22,,,,,,,,,,,,,,,,,,,,,,,,,,,,,,,,,,,,,,,,,,,,,,,,,,,,,,,,,,,,,,,,,,,,,,,,,,,,,,,,,Ashington
Durham City,,,,,,,,,,,,,,,,,,,,,,,,,,,,,,3. 11,3. 20,3. 15,3. 13,3. 13,3. 20,3. 21,,,,,,,,,,,,,,,,,,,,,,,,,,,,,,,,,,,,,,,,,,,,,,,,,,,,,,,,,,,,,,,,,,,,,,,,,,,,,,,,,,Durham City
Wrexham,,,,,,,,,,,,,,,,,,,,,,,,,,,,,,3. 12,3. 10,3. 16,3. 16,3. 19,3. 13,3. 11,3. 3,3. 17,3. 3,3. 10,3. 2,3. 6,3. 11,3. 18,3. 8,3. 10,3. 14,3. 7,3. 3,3. 9,3. 20,3. 14,3. 18,3. 3,3. 8,3. 18,3. 14,3. 12,3. 12,3. 18,3. 23,4. 16,4. 3,3. 9,3. 23,4. 14,4. 24,4. 7,4. 8,4. 9,4. 2,3. 9,3. 16,3. 12,3. 4,3. 13,3. 6,3. 5,3. 1,2. 15,2. 16,2. 16,2. 21,3. 22,4. 20,4. 15,4. 13,4. 9,4. 11,4. 7,4. 21,4. 24,4. 14,4. 2,3. 12,3. 13,3. 8,3. 8,3. 7,3. 17,3. 11,3. 10,3. 23,4. 3,3. 13,3. 22,4. 13,4. 19,4. 24,,,,,,,,,Wrexham
Barrow,,,,,,,,,,,,,,,,,,,,,,,,,,,,,,3. 15,3. 18,3. 22,3. 14,3. 22,3. 22,3. 19,3. 20,3. 22,3. 16,3. 5,3. 9,3. 8,3. 17,3. 15,3. 16,3. 21,3. 13,3. 9,3. 7,3. 13,3. 15,3. 19,3. 12,3. 19,3. 12,3. 17,3. 22,3. 10,3. 18,4. 23,4. 18,4. 22,4. 9,4. 9,4. 24,4. 21,4. 12,4. 3,3. 8,3. 19,3. 23,4. 24,4. 22,,,,,,,,,,,,,,,,,,,,,,,,,,,,,,,,,,,,,,,,,,,,,Barrow
Nelson,,,,,,,,,,,,,,,,,,,,,,,,,,,,,,3. 16,3. 1,2. 21,3. 2,3. 8,3. 5,3. 22,3. 15,3. 19,3. 22,,,,,,,,,,,,,,,,,,,,,,,,,,,,,,,,,,,,,,,,,,,,,,,,,,,,,,,,,,,,,,,,,,,,,,,,,,,,,,,Nelson
Wigan Borough,,,,,,,,,,,,,,,,,,,,,,,,,,,,,,3. 17,3. 5,3. 10,3. 11,3. 17,3. 18,3. 20,3. 4,3. 18,3. 10,,,,,,,,,,,,,,,,,,,,,,,,,,,,,,,,,,,,,,,,,,,,,,,,,,,,,,,,,,,,,,,,,,,,,,,,,,,,,,,Wigan Borough
Tranmere Rovers,,,,,,,,,,,,,,,,,,,,,,,,,,,,,,3. 18,3. 16,3. 12,3. 21,3. 7,3. 9,3. 5,3. 7,3. 12,3. 4,3. 4,3. 11,3. 7,3. 6,3. 3,3. 19,3. 1,2. 22,3. 10,3. 18,3. 11,3. 5,3. 4,3. 11,3. 12,3. 14,3. 19,3. 16,3. 23,3. 11,3. 7,3. 20,3. 21,4. 15,4. 8,4. 7,4. 5,4. 5,4. 4,3. 19,3. 7,3. 16,3. 18,3. 20,3. 10,3. 16,3. 22,4. 4,3. 14,3. 12,3. 23,4. 15,4. 21,4. 11,4. 19,4. 10,4. 6,4. 19,4. 20,4. 14,4. 2,3. 4,3. 5,2. 14,2. 4,2. 5,2. 5,2. 13,2. 11,2. 14,2. 15,2. 13,2. 24,3. 12,3. 7,3. 8,3. 3,3. 18,3. 9,3. 11,3. 7,3. 19,3. 18,3. 12,3. 11,3. 21,4. 24,,Tranmere Rovers
Halifax Town,,,,,,,,,,,,,,,,,,,,,,,,,,,,,,3. 19,3. 7,3. 14,3. 9,3. 5,3. 4,3. 12,3. 13,3. 21,3. 17,3. 17,3. 15,3. 9,3. 2,3. 17,3. 7,3. 18,3. 12,3. 22,3. 21,3. 19,3. 21,3. 22,3. 20,3. 14,3. 23,3. 14,3. 19,3. 11,3. 7,3. 9,3. 15,3. 9,3. 18,3. 24,4. 10,4. 23,4. 15,4. 12,4. 11,4. 2,3. 18,3. 3,3. 17,3. 20,3. 9,3. 17,3. 24,4. 21,4. 20,4. 23,4. 18,4. 23,4. 19,4. 11,4. 21,4. 21,4. 20,4. 15,4. 18,4. 21,4. 23,4. 22,4. 20,4. 22,,,,,,4. 10,4. 18,4. 23,4. 24,,,,,,,,,,,,,,,Halifax Town
Rochdale,,,,,,,,,,,,,,,,,,,,,,,,,,,,,,3. 20,3. 12,3. 2,3. 6,3. 3,3. 2,3. 13,3. 17,3. 10,3. 21,3. 21,3. 18,3. 22,3. 20,3. 20,3. 18,3. 17,3. 15,3. 6,3. 12,3. 7,3. 3,3. 11,3. 21,3. 22,3. 19,3. 12,3. 12,3. 13,3. 10,3. 24,4. 12,4. 17,4. 12,4. 7,4. 20,4. 6,4. 21,4. 21,4. 19,4. 3,3. 9,3. 16,3. 18,3. 13,3. 24,4. 19,4. 15,4. 18,4. 24,4. 20,4. 24,4. 15,4. 21,4. 20,4. 22,4. 17,4. 18,4. 21,4. 21,4. 18,4. 12,4. 12,4. 8,4. 11,4. 9,4. 15,4. 15,4. 14,4. 18,4. 19,4. 10,4. 8,4. 5,4. 19,4. 21,4. 9,4. 14,4. 9,4. 5,4. 6,4. 3,3. 9,3. 24,4. 12,4. 3,3. 8,4. L1,Rochdale
Aberdare Athletic,,,,,,,,,,,,,,,,,,,,,,,,,,,,,,3. 8,3. 21,3. 12,3. 18,3. 9,3. 22,,,,,,,,,,,,,,,,,,,,,,,,,,,,,,,,,,,,,,,,,,,,,,,,,,,,,,,,,,,,,,,,,,,,,,,,,,,,,,,,,,,Aberdare Athletic
Charlton Athletic,,,,,,,,,,,,,,,,,,,,,,,,,,,,,,3. 16,3. 12,3. 14,3. 15,3. 21,3. 13,3. 11,3. 1,2. 13,2. 15,2. 10,2. 22,3. 5,3. 1,2. 2,1. 2,1. 4,1. 3,1. 19,1. 13,1. 9,1. 20,1. 17,1. 10,1. 5,1. 9,1. 15,1. 14,1. 22,2. 3,2. 8,2. 7,2. 10,2. 15,2. 20,2. 4,2. 18,2. 16,2. 19,2. 15,2. 3,2. 20,2. 20,2. 21,3. 11,3. 14,3. 3,2. 9,2. 7,2. 17,2. 19,2. 22,3. 3,2. 13,2. 17,2. 13,2. 17,2. 2,1. 19,1. 17,1. 14,1. 19,2. 16,2. 7,2. 12,2. 11,2. 15,2. 6,2. 15,2. 4,1. 18,2. 1,1. 9,1. 14,1. 12,1. 7,1. 11,1. 13,1. 19,2. 11,2. 24,3. 4,3. 13,3. 1,2. 9,2. 18,2. 12,4. CH,Charlton Athletic
,,,,,,,,,,,,,,,,,,,,,,,SEASON,,,,,,20,21,22,23,24,25,26,27,28,29,30,31,32,33,34,35,36,37,38,46,47,48,49,50,51,52,53,54,55,56,57,58,59,60,61,62,63,64,65,66,67,68,69,70,71,72,73,74,75,76,77,78,79,80,81,82,83,84,85,86,87,88,89,90,91,92,93,94,95,96,97,98,99,0,1,2,3,4,5,6,7,8,9,10,11,12,13,14,15,Season
CLUBS,,,,,,,,,,,,,,,,,,,,,,,,,,,,,21,22,23,24,25,26,27,28,29,30,31,32,33,34,35,36,37,38,39,47,48,49,50,51,52,53,54,55,56,57,58,59,60,61,62,63,64,65,66,67,68,69,70,71,72,73,74,75,76,77,78,79,80,81,82,83,84,85,86,87,88,89,90,91,92,93,94,95,96,97,98,99,0,1,2,3,4,5,6,7,8,9,10,11,12,13,14,15,16,Clubs
Bournemouth & Boscombe Athletic,,,,,,,,,,,,,,,,,,,,,,,,,,,,,,,,3. 21,3. 20,3. 8,3. 7,3. 14,3. 9,3. 10,3. 10,3. 15,3. 18,3. 21,3. 17,3. 8,3. 6,3. 13,3. 15,3. 7,3. 2,3. 3,3. 12,3. 9,3. 14,3. 9,3. 19,3. 17,3. 9,3. 5,3. 9,3. 12,3. 10,3. 19,3. 3,3. 5,3. 4,3. 11,3. 18,3. 20,3. 12,3. 4,3. 21,4. 2,3. 3,3. 7,3. 11,3. 21,4. 6,4. 13,4. 17,4. 18,4. 11,4. 13,4. 4,3. 14,3. 17,3. 10,3. 15,3. 1,2. 17,2. 12,2. 22,3. 9,3. 8,3. 17,3. 17,3. 19,3. 14,3. 16,3. 9,3. 7,3. 16,3. 7,3. 21,4. 4,3. 9,3. 8,3. 17,3. 19,3. 21,4. 21,4. 2,3. 6,3. 11,3. 2,2. 10,2. 1,4. PL,AFC Bournemouth
New Brighton,,,,,,,,,,,,,,,,,,,,,,,,,,,,,,,,3. 17,3. 3,3. 12,3. 10,3. 10,3. 14,3. 13,3. 19,3. 20,3. 21,3. 15,3. 16,3. 22,3. 15,3. 13,3. 16,3. 18,3. 22,3. 17,3. 14,3. 24,,,,,,,,,,,,,,,,,,,,,,,,,,,,,,,,,,,,,,,,,,,,,,,,,,,,,,,,,,,,,,,,,,New Brighton
Torquay United,,,,,,,,,,,,,,,,,,,,,,,,,,,,,,,,,,,,3. 22,3. 18,3. 19,3. 11,3. 19,3. 10,3. 20,3. 10,3. 10,3. 20,3. 20,3. 19,3. 11,3. 18,3. 9,3. 5,3. 20,3. 11,3. 12,3. 13,3. 8,3. 5,3. 2,3. 21,4. 12,4. 3,3. 12,3. 21,4. 6,4. 6,4. 11,4. 3,3. 7,3. 4,3. 6,3. 13,3. 10,3. 23,4. 18,4. 16,4. 14,4. 9,4. 16,4. 9,4. 11,4. 9,4. 17,4. 15,4. 12,4. 9,4. 24,4. 24,4. 23,4. 5,4. 14,4. 15,4. 7,3. 23,4. 19,4. 6,4. 13,4. 24,4. 21,4. 5,4. 20,4. 9,4. 21,4. 19,4. 9,4. 3,3. 21,4. 20,4. 24,,,4. 17,4. 7,4. 5,4. 19,4. 24,,,Torquay United
Carlisle United,,,,,,,,,,,,,,,,,,,,,,,,,,,,,,,,,,,,,3. 8,3. 15,3. 8,3. 18,3. 19,3. 13,3. 22,3. 13,3. 10,3. 12,3. 19,3. 16,3. 9,3. 15,3. 9,3. 3,3. 7,3. 9,3. 13,3. 20,3. 21,3. 15,3. 16,4. 10,4. 19,4. 19,4. 4,3. 23,4. 2,3. 1,2. 14,2. 3,2. 10,2. 12,2. 12,2. 4,2. 10,2. 18,2. 3,1. 22,2. 19,2. 20,3. 13,3. 6,3. 6,3. 19,3. 2,2. 14,2. 7,2. 16,2. 20,3. 22,4. 23,4. 12,4. 8,4. 20,4. 22,4. 18,4. 7,4. 1,3. 21,4. 3,3. 23,4. 23,4. 23,4. 22,4. 17,4. 22,4. 23,,4. 1,3. 8,3. 4,3. 20,3. 14,3. 12,3. 8,3. 17,3. 22,4. 20,4. L2,Carlisle United
York City,,,,,,,,,,,,,,,,,,,,,,,,,,,,,,,,,,,,,,3. 6,3. 12,3. 9,3. 20,3. 12,3. 15,3. 16,3. 12,3. 11,3. 20,3. 15,3. 13,3. 14,3. 22,3. 17,3. 10,3. 4,3. 22,3. 4,3. 11,3. 7,3. 13,4. 3,3. 21,4. 5,4. 6,4. 14,4. 22,4. 3,3. 24,4. 22,4. 21,4. 21,4. 13,4. 4,3. 19,3. 18,3. 3,2. 15,2. 21,3. 24,4. 22,4. 10,4. 17,4. 24,4. 17,4. 7,4. 1,3. 8,3. 7,3. 20,3. 23,4. 11,4. 13,4. 21,4. 19,4. 4,3. 5,3. 9,3. 20,3. 20,3. 16,3. 21,4. 20,4. 17,4. 14,4. 10,4. 24,,,,,,,,,4. 17,4. 7,4. 18,4. L2,York City
Gateshead,,,,,,,,,,,,,,,,,,,,,,,,,,,,,,,,,,,,,,,3. 9,3. 2,3. 7,3. 19,3. 19,3. 14,3. 21,3. 5,3. 10,3. 14,3. 4,3. 5,3. 2,3. 8,3. 5,3. 8,3. 4,3. 7,3. 13,3. 17,3. 14,4. 20,4. 22,,,,,,,,,,,,,,,,,,,,,,,,,,,,,,,,,,,,,,,,,,,,,,,,,,,,,,,,,Gateshead
Thames Association,,,,,,,,,,,,,,,,,,,,,,,,,,,,,,,,,,,,,,,3. 20,3. 22,,,,,,,,,,,,,,,,,,,,,,,,,,,,,,,,,,,,,,,,,,,,,,,,,,,,,,,,,,,,,,,,,,,,,,,,,,,,,,Thames Association
Chester City,,,,,,,,,,,,,,,,,,,,,,,,,,,,,,,,,,,,,,,,3. 3,3. 4,3. 10,3. 3,3. 2,3. 3,3. 9,3. 6,3. 3,3. 20,3. 18,3. 12,3. 13,3. 19,3. 20,3. 24,3. 24,3. 17,3. 21,3. 21,4. 13,4. 20,4. 24,4. 23,4. 21,4. 12,4. 8,4. 7,4. 19,4. 22,4. 14,4. 11,4. 5,4. 20,4. 15,4. 7,4. 4,3. 17,3. 13,3. 5,3. 16,3. 9,3. 18,3. 24,4. 13,4. 24,4. 16,4. 2,3. 15,3. 15,3. 8,3. 16,3. 19,3. 18,3. 24,4. 2,3. 23,4. 8,4. 6,4. 14,4. 14,4. 24,,,,,4. 20,4. 15,4. 18,4. 22,4. 23,,,,,,,,Chester City
Mansfield Town,,,,,,,,,,,,,,,,,,,,,,,,,,,,,,,,,,,,,,,,3. 20,3. 16,3. 17,3. 8,3. 19,3. 9,3. 14,3. 16,3. 22,3. 8,3. 10,3. 8,3. 2,3. 6,3. 18,3. 7,3. 13,3. 18,3. 16,3. 6,3. 20,3. 22,4. 20,4. 14,4. 4,3. 7,3. 3,3. 19,3. 9,3. 20,3. 15,3. 6,3. 7,3. 21,4. 6,4. 17,4. 1,3. 11,3. 1,2. 21,3. 18,3. 23,4. 7,4. 20,4. 10,4. 19,4. 14,4. 3,3. 10,3. 19,3. 15,3. 15,3. 24,4. 3,3. 22,4. 12,4. 6,4. 19,4. 11,4. 12,4. 8,4. 17,4. 13,4. 3,3. 23,4. 5,4. 13,4. 16,4. 17,4. 23,,,,,,4. 11,4. 21,4. L2,Mansfield Town
Aldershot,,,,,,,,,,,,,,,,,,,,,,,,,,,,,,,,,,,,,,,,,3. 17,3. 14,3. 18,3. 11,3. 22,3. 18,3. 10,3. 20,3. 19,3. 21,3. 20,3. 18,3. 12,3. 19,3. 17,3. 14,3. 15,3. 19,3. 18,4. 22,4. 13,4. 10,4. 7,4. 11,4. 9,4. 18,4. 17,4. 10,4. 9,4. 15,4. 6,4. 13,4. 17,4. 4,3. 8,3. 20,3. 21,4. 17,4. 5,4. 5,4. 10,4. 6,4. 16,4. 18,4. 5,4. 13,4. 16,4. 6,3. 20,3. 24,4. 22,4. 23,,,,,,,,,,,,,,,,,,4. 15,4. 6,4. 14,4. 11,4. 24,,,,Aldershot
Ipswich Town,,,,,,,,,,,,,,,,,,,,,,,,,,,,,,,,,,,,,,,,,,,,,,,3. 7,3. 6,3. 4,3. 7,3. 17,3. 8,3. 17,3. 16,3. 1,2. 21,3. 3,3. 1,2. 8,2. 16,2. 11,2. 1,1. 1,1. 17,1. 22,2. 5,2. 15,2. 5,2. 1,1. 12,1. 18,1. 19,1. 13,1. 4,1. 4,1. 3,1. 6,1. 3,1. 18,1. 6,1. 3,1. 2,1. 2,1. 9,1. 12,1. 17,1. 20,2. 5,2. 8,2. 8,2. 9,2. 14,2. 1,1. 16,1. 19,1. 22,2. 7,2. 4,2. 5,2. 3,2. 3,1. 5,1. 18,2. 7,2. 5,2. 3,2. 15,2. 14,2. 8,2. 9,2. 15,2. 13,2. 15,2. 14,2. 9,2. 6,4. CH,Ipswich Town
Scunthorpe United,,,,,,,,,,,,,,,,,,,,,,,,,,,,,,,,,,,,,,,,,,,,,,,,,,,,3. 12,3. 14,3. 15,3. 3,3. 3,3. 9,3. 14,3. 1,2. 18,2. 15,2. 9,2. 4,2. 9,2. 22,3. 18,3. 4,3. 18,3. 23,4. 16,4. 12,4. 17,4. 4,3. 24,4. 18,4. 24,4. 19,4. 20,4. 14,4. 12,4. 14,4. 16,4. 23,4. 4,3. 21,4. 9,4. 15,4. 8,4. 4,4. 4,4. 11,4. 8,4. 5,4. 14,4. 11,4. 7,4. 12,4. 13,4. 8,4. 4,3. 23,4. 10,4. 8,4. 5,4. 22,4. 2,3. 12,3. 1,2. 23,3. 6,2. 20,2. 24,3. 18,3. 21,4. 2,3. 16,4. L1,Scunthorpe United
Shrewsbury Town,,,,,,,,,,,,,,,,,,,,,,,,,,,,,,,,,,,,,,,,,,,,,,,,,,,,3. 20,3. 20,3. 23,3. 21,3. 16,3. 13,3. 9,3. 17,4. 4,3. 3,3. 10,3. 19,3. 15,3. 11,3. 16,3. 10,3. 6,3. 3,3. 17,3. 15,3. 13,3. 12,3. 15,3. 22,4. 2,3. 9,3. 10,3. 11,3. 1,2. 13,2. 14,2. 18,2. 9,2. 8,2. 8,2. 17,2. 18,2. 18,2. 22,3. 11,3. 18,3. 22,4. 9,4. 1,3. 18,3. 18,3. 22,4. 13,4. 15,4. 22,4. 15,4. 9,4. 24,,4. 21,4. 10,4. 7,4. 18,4. 7,4. 12,4. 4,4. 2,3. 16,3. 23,4. 2,4. L1,Shrewsbury Town
Colchester United,,,,,,,,,,,,,,,,,,,,,,,,,,,,,,,,,,,,,,,,,,,,,,,,,,,,3. 16,3. 10,3. 22,3. 23,3. 24,3. 12,3. 3,3. 12,3. 5,3. 9,3. 23,4. 2,3. 12,3. 17,3. 23,4. 4,3. 13,3. 22,4. 6,4. 10,4. 6,4. 11,4. 22,4. 3,3. 11,3. 22,4. 3,3. 8,3. 7,3. 5,3. 22,4. 6,4. 6,4. 8,4. 7,4. 6,4. 5,4. 9,4. 22,4. 24,,,4. 10,4. 17,4. 10,4. 7,4. 8,4. 4,3. 18,3. 18,3. 17,3. 15,3. 12,3. 11,3. 15,3. 2,2. 10,2. 24,3. 12,3. 8,3. 10,3. 10,3. 20,3. 16,3. 19,4. L1,Colchester United
Workington,,,,,,,,,,,,,,,,,,,,,,,,,,,,,,,,,,,,,,,,,,,,,,,,,,,,,3. 24,3. 23,3. 20,3. 8,3. 10,3. 4,3. 19,4. 17,4. 16,4. 8,4. 8,4. 10,4. 3,3. 15,3. 5,3. 24,4. 23,4. 12,4. 20,4. 10,4. 6,4. 13,4. 23,4. 23,4. 24,4. 24,,,,,,,,,,,,,,,,,,,,,,,,,,,,,,,,,,,,,,,,Workington
Peterborough United,,,,,,,,,,,,,,,,,,,,,,,,,,,,,,,,,,,,,,,,,,,,,,,,,,,,,,,,,,,,,,4. 1,3. 5,3. 6,3. 10,3. 8,3. 13,3. 15,3. 24,4. 18,4. 9,4. 16,4. 8,4. 19,4. 1,3. 7,3. 10,3. 16,3. 4,3. 21,4. 8,4. 5,4. 5,4. 9,4. 7,4. 11,4. 17,4. 10,4. 7,4. 17,4. 9,4. 4,3. 6,2. 10,2. 24,3. 15,3. 19,3. 21,4. 10,4. 9,4. 5,3. 12,3. 17,3. 11,3. 18,3. 23,4. 9,4. 10,4. 2,3. 2,2. 24,3. 4,2. 18,2. 22,3. 6,3. 9,4. L1,Peterborough United
Oxford United,,,,,,,,,,,,,,,,,,,,,,,,,,,,,,,,,,,,,,,,,,,,,,,,,,,,,,,,,,,,,,,,4. 18,4. 18,4. 4,3. 14,3. 16,3. 1,2. 20,2. 15,2. 14,2. 15,2. 8,2. 18,2. 11,2. 20,3. 17,3. 18,3. 11,3. 17,3. 14,3. 5,3. 5,3. 1,2. 1,1. 18,1. 18,1. 21,2. 17,2. 17,2. 10,2. 21,2. 14,2. 23,3. 7,3. 2,2. 17,2. 12,2. 23,3. 20,3. 24,4. 21,4. 8,4. 9,4. 15,4. 23,,,,,4. 12,4. 9,4. 9,4. 8,4. 13,4. L2,Oxford United
Cambridge United,,,,,,,,,,,,,,,,,,,,,,,,,,,,,,,,,,,,,,,,,,,,,,,,,,,,,,,,,,,,,,,,,,,,,,,,4. 20,4. 10,4. 3,4. 21,4. 6,4. 13,4. 1,3. 2,2. 12,2. 8,2. 13,2. 14,2. 12,2. 22,3. 24,4. 22,4. 11,4. 15,4. 8,4. 6,3. 1,2. 5,2. 23,3. 10,3. 20,4. 16,4. 10,4. 16,4. 2,3. 19,3. 19,3. 24,4. 12,4. 13,4. 24,,,,,,,,,,4. 19,4. L2,Cambridge United
Hereford United,,,,,,,,,,,,,,,,,,,,,,,,,,,,,,,,,,,,,,,,,,,,,,,,,,,,,,,,,,,,,,,,,,,,,,,,,,4. 2,3. 18,3. 12,3. 1,2. 22,3. 23,4. 14,4. 21,4. 22,4. 10,4. 24,4. 11,4. 5,4. 10,4. 16,4. 19,4. 15,4. 17,4. 17,4. 17,4. 17,4. 20,4. 16,4. 6,4. 24,,,,,,,,,,4. 16,4. 3,3. 24,4. 16,4. 21,4. 23,,,,,Hereford United
Wimbledon (2004-05 MK Dons),,,,,,,,,,,,,,,,,,,,,,,,,,,,,,,,,,,,,,,,,,,,,,,,,,,,,,,,,,,,,,,,,,,,,,,,,,,,,,,4. 13,4. 3,3. 24,4. 4,3. 21,4. 1,3. 2,2. 12,2. 3,1. 6,1. 7,1. 12,1. 8,1. 7,1. 13,1. 12,1. 6,1. 9,1. 14,1. 8,1. 15,1. 16,1. 18,2. 8,2. 9,2. 10,2. 24,3. 20,3. 22,4. 4,4. 1,3. 3,3. 12,3. 5,3. 5,3. 8,3. 10,3. 2,4. CH,Milton Keynes Dons
Wigan Athletic,,,,,,,,,,,,,,,,,,,,,,,,,,,,,,,,,,,,,,,,,,,,,,,,,,,,,,,,,,,,,,,,,,,,,,,,,,,,,,,,4. 6,4. 6,4. 11,4. 3,3. 18,3. 15,3. 16,3. 4,3. 4,3. 7,3. 17,3. 18,3. 10,3. 15,3. 23,4. 19,4. 14,4. 10,4. 1,3. 11,3. 6,3. 4,3. 6,3. 10,3. 1,2. 7,2. 2,1. 10,1. 17,1. 14,1. 11,1. 16,1. 16,1. 15,1. 18,2. 5,2. 23,4. L1,Wigan Athletic
Scarborough,,,,,,,,,,,,,,,,,,,,,,,,,,,,,,,,,,,,,,,,,,,,,,,,,,,,,,,,,,,,,,,,,,,,,,,,,,,,,,,,,,,,,,,,,4. 12,4. 5,4. 18,4. 9,4. 12,4. 13,4. 14,4. 21,4. 23,4. 12,4. 6,4. 24,,,,,,,,,,,,,,,,,,Scarborough
,,,,,,,,,,,,,,,,,,,,,,,,,,,,SEASON,,,,23,24,25,26,27,28,29,30,31,32,33,34,35,36,37,38,46,47,48,49,50,51,52,53,54,55,56,57,58,59,60,61,62,63,64,65,66,67,68,69,70,71,72,73,74,75,76,77,78,79,80,81,82,83,84,85,86,87,88,89,90,91,92,93,94,95,96,97,98,99,0,1,2,3,4,5,6,7,8,9,10,11,12,13,14,15,Season
CLUBS,,,,,,,,,,,,,,,,,,,,,,,,,,,,,,,,24,25,26,27,28,29,30,31,32,33,34,35,36,37,38,39,47,48,49,50,51,52,53,54,55,56,57,58,59,60,61,62,63,64,65,66,67,68,69,70,71,72,73,74,75,76,77,78,79,80,81,82,83,84,85,86,87,88,89,90,91,92,93,94,95,96,97,98,99,0,1,2,3,4,5,6,7,8,9,10,11,12,13,14,15,16,Clubs
Maidstone United,,,,,,RED FOOTBALL LEAGUE 1888-89 TO 1891-92,,,,,,,,,,,,,,,,,,,,,,,,,,,,,,,,,,,,,,,,,,,,,,,,,,,,,,,,,,,,,,,,,,,,,,,,,,,,,,,,,,,,,4. 5,4. 19,4. 18,,,,,,,,,,,,,,,,,,,,,,,,,Maidstone United
Barnet,,,,,,,,,DIVISION ONE,,,,,,,,1892-93 TO 1991-92,,,,,,,,,,,,,,,,,,,,,,,,,,,,,,,,,,,,,,,,,,,,,,,,,,,,,,,,,,,,,,,,,,,,,,,,,,,,4. 7,4. 3,3. 24,4. 11,4. 9,4. 15,4. 7,4. 16,4. 6,4. 24,,,,,4. 18,4. 14,4. 12,4. 17,4. 21,4. 22,4. 22,4. 23,,,4. L2,Barnet
Wycombe Wanderers,,,,,,,,,PREMIER LEAGUE,,,,,,,,1992-93 ONWARDS,,,,,,,,,,,,,1. 1,Top Flight Champions,,,,,,,,,,,,,,,,,,,,,,,,,,,,,,,,,,,,,,,,,,,,,,,,,,,,,,,,,,,,,,,,4. 4,3. 6,3. 12,3. 18,3. 14,3. 19,3. 12,3. 13,3. 11,3. 18,3. 24,4. 10,4. 6,4. 12,4. 7,4. 3,3. 22,4. 3,3. 21,4. 15,4. 22,4. 4,4. L2,Wycombe Wanderers
Macclesfield Town,,,,,,GREEN,,,DIVISION TWO,,,,,,,,1892-93 TO 2003-04,,,,,,,,,,,,,,,,,,,,,,,,,,,,,,,,,,,,,,,,,,,,,,,,,,,,,,,,,,,,,,,,,,,,,,,,,,,,,,,,,,4. 2,3. 24,4. 13,4. 14,4. 13,4. 16,4. 20,4. 5,4. 17,4. 22,4. 19,4. 20,4. 19,4. 15,4. 24,,,,,Macclesfield Town
Cheltenham Town,,,,,,,,,CHAMPIONSHIP,,,,,,,,2004-05 ONWARDS,,,,,,,,,,,,,2. 1,Second Flight Champions,,,,,,,,,,,,,,,,,,,,,,,,,,,,,,,,,,,,,,,,,,,,,,,,,,,,,,,,,,,,,,,,,,,,,,4. 8,4. 9,4. 4,3. 21,4. 14,4. 14,4. 5,3. 17,3. 19,3. 23,4. 22,4. 17,4. 6,4. 5,4. 17,4. 23,,Cheltenham Town
Kidderminster Harriers,,,,,,BLUE,,,DIVISION THREE,,,,,,,,1920-21,,,,,,,,,,,,,,,,,,,,,,,,,,,,,,,,,,,,,,,,,,,,,,,,,,,,,,,,,,,,,,,,,,,,,,,,,,,,,,,,,,,,,4. 16,4. 10,4. 11,4. 16,4. 23,,,,,,,,,,,,Kidderminster Harriers
Rushden & Diamonds,,,,,,,,,DIVISION THREE SOUTH 1921-22 TO 1957-58,,,,,,,,,,,,,,,,,,,,,,,,,,,,,,,,,,,,,,,,,,,,,,,,,,,,,,,,,,,,,,,,,,,,,,,,,,,,,,,,,,,,,,,,,,,,,,4. 6,4. 1,3. 22,4. 22,4. 24,,,,,,,,,,,Rushden & Diamonds
Boston United,,,,,,,,,DIVISION THREE,,,,,,,,1958-59 TO 1991-92,,,,,,,,,,,,,,,,,,,,,,,,,,,,,,,,,,,,,,,,,,,,,,,,,,,,,,,,,,,,,,,,,,,,,,,,,,,,,,,,,,,,,,,4. 15,4. 11,4. 16,4. 11,4. 23,,,,,,,,,,Boston United
Yeovil Town,,,,,,,,,DIVISION TWO,,,,,,,,1992-93 TO 2003-04,,,,,,,,,,,,,,,,,,,,,,,,,,,,,,,,,,,,,,,,,,,,,,,,,,,,,,,,,,,,,,,,,,,,,,,,,,,,,,,,,,,,,,,,4. 8,4. 1,3. 15,3. 5,3. 18,3. 17,3. 15,3. 14,3. 17,3. 4,2. 24,3. 24,4. L2,Yeovil Town
Dagenham & Redbridge,,,,,,,,,LEAGUE ONE (L1),,,,,,,,2004-05 ONWARDS,,,,,,,,,,,,,3. 1,Third Flight (& 3 South) Champions,,,,,,,,,,,,,,,,,,,,,,,,,,,,,,,,,,,,,,,,,,,,,,,,,,,,,,,,,,,,,,,,,,,,,,,,,,,,,,4. 20,4. 8,4. 7,3. 21,4. 19,4. 22,4. 9,4. 14,4. L2,Dagenham & Redbridge
Morecambe,,,,,,PLUM DIVISION THREE NORTH 1921-22 TO 1957-58,,,,,,,,,,,,,,,,,,,,,,,,3. 1,Third (North) Flight Champions,,,,,,,,,,,,,,,,,,,,,,,,,,,,,,,,,,,,,,,,,,,,,,,,,,,,,,,,,,,,,,,,,,,,,,,,,,,,,,4. 11,4. 11,4. 4,4. 20,4. 15,4. 16,4. 18,4. 11,4. L2,Morecambe
Burton Albion,,,,,,BLACK,,,DIVISION FOUR,,,,,,,,1958-59 TO 1991-92,,,,,,,,,,,,,,,,,,,,,,,,,,,,,,,,,,,,,,,,,,,,,,,,,,,,,,,,,,,,,,,,,,,,,,,,,,,,,,,,,,,,,,,,,,,,,,4. 13,4. 19,4. 17,4. 4,4. 6,4. 1,4. L1,Burton Albion
Stevenage Borough,,,,,,,,,DIVISION THREE,,,,,,,,1992-93 TO 2003-04,,,,,,,,,,,,,,,,,,,,,,,,,,,,,,,,,,,,,,,,,,,,,,,,,,,,,,,,,,,,,,,,,,,,,,,,,,,,,,,,,,,,,,,,,,,,,,,4. 6,3. 6,3. 18,3. 24,4. 6,4. L2,Stevenage
Crawley Town,,,,,,,,,LEAGUE TWO (L2),,,,,,,,2004-05 ONWARDS,,,,,,,,,,,,,4. 1,Fourth Flight Champions,,,,,,,,,,,,,,,,,,,,,,,,,,,,,,,,,,,,,,,,,,,,,,,,,,,,,,,,,,,,,,,,,,,,,,,,,,,,,,,,,,4. 3,3. 10,3. 14,3. 22,4. L2,Crawley Town
AFC Wimbledon,,,,,,NUMBERS IN BOLD (e.g. 12 ) INDICATE TIED POSITION,,,,,,,,,,,,,,,,,,,,,,,,,,,,,,,,,,,,,,,,,,,,,,,,,,,,,,,,,,,,,,,,,,,,,,,,,,,,,,,,,,,,,,,,,,,,,,,,,,,,,,,,,,,4. 16,4. 20,4. 20,4. 15,4. L2,AFC Wimbledon
Fleetwood,,,,,,,,,,,,,,,,,,,,,,,,,,,,,,,,,,,,,,,,,,,,,,,,,,,,,,,,,,,,,,,,,,,,,,,,,,,,,,,,,,,,,,,,,,,,,,,,,,,,,,,,,,,,,,,,,,4. 13,4. 4,3. 10,4. L1,Fleetwood
Clubs (138),88,89,90,91,92,93,94,95,96,97,98,99,0,1,2,3,4,5,6,7,8,9,10,11,12,13,14,19,20,21,22,23,24,25,26,27,28,29,30,31,32,33,34,35,36,37,38,46,47,48,49,50,51,52,53,54,55,56,57,58,59,60,61,62,63,64,65,66,67,68,69,70,71,72,73,74,75,76,77,78,79,80,81,82,83,84,85,86,87,88,89,90,91,92,93,94,95,96,97,98,99,0,1,2,3,4,5,6,7,8,9,10,11,12,13,14,15,Clubs (138)
Season,89,90,91,92,93,94,95,96,97,98,99,0,1,2,3,4,5,6,7,8,9,10,11,12,13,14,15,20,21,22,23,24,25,26,27,28,29,30,31,32,33,34,35,36,37,38,39,47,48,49,50,51,52,53,54,55,56,57,58,59,60,61,62,63,64,65,66,67,68,69,70,71,72,73,74,75,76,77,78,79,80,81,82,83,84,85,86,87,88,89,90,91,92,93,94,95,96,97,98,99,0,1,2,3,4,5,6,7,8,9,10,11,12,13,14,15,16,Season
,,,,,,,,,,,,,,,,,,,,,,,,,,,,,,,,,,,,,,,,,,,,,,,,,,,,,,,,,,,,,,,,,,,,,,,,,,,,,,,,,,,,,,,,,,,,,,,,,,,,,,,,,,,,,,,,,,,,,,
if supportMisalignedColumns! endif!,,,,,,,,,,,,,,,,,,,,,,,,,,,,,,,,,,,,,,,,,,,,,,,,,,,,,,,,,,,,,,,,,,,,,,,,,,,,,,,,,,,,,,,,,,,,,,,,,,,,,,,,,,,,,,,,,,,,,,
